60,10,3/6/2017,10,20,1,10
60,10,2/15/2017,10,20,1,11
60,10,2/16/2017,10,20,1,12
60,10,1/19/2017,10,20,1,13
60,10,2/10/2017,10,20,1,24
60,10,3/10/2017,10,20,2,10
60,10,2/12/2017,10,20,2,11
60,10,2/14/2017,10,20,2,12
60,10,1/16/2017,10,20,2,13
60,10,2/6/2017,10,20,2,24
60,10,3/7/2017,10,20,3,10
60,10,2/12/2017,10,20,3,11
60,10,2/12/2017,10,20,3,12
60,10,1/19/2017,10,20,3,13
60,10,2/8/2017,10,20,3,24
60,10,3/6/2017,10,20,4,10
60,10,2/16/2017,10,20,4,11
60,10,2/13/2017,10,20,4,12
60,10,1/16/2017,10,20,4,13
60,10,2/8/2017,10,20,4,24
60,10,3/10/2017,10,20,5,10
60,10,2/16/2017,10,20,5,11
60,10,2/12/2017,10,20,5,12
60,10,1/19/2017,10,20,5,13
60,10,2/8/2017,10,20,5,24
60,10,3/9/2017,10,20,6,10
60,10,2/12/2017,10,20,6,11
60,10,2/16/2017,10,20,6,12
60,10,1/18/2017,10,20,6,13
60,10,2/7/2017,10,20,6,24
60,10,3/10/2017,10,20,7,10
60,10,2/16/2017,10,20,7,11
60,10,2/15/2017,10,20,7,12
60,10,1/20/2017,10,20,7,13
60,10,2/8/2017,10,20,7,24
60,10,3/6/2017,10,20,8,10
60,10,2/13/2017,10,20,8,11
60,10,2/16/2017,10,20,8,12
60,10,1/19/2017,10,20,8,13
60,10,2/8/2017,10,20,8,24
60,10,3/6/2017,10,20,9,10
60,10,2/13/2017,10,20,9,11
60,10,2/15/2017,10,20,9,12
60,10,1/17/2017,10,20,9,13
60,10,2/9/2017,10,20,9,24
60,10,3/8/2017,10,20,10,10
60,10,2/12/2017,10,20,10,11
60,10,2/13/2017,10,20,10,12
60,10,1/17/2017,10,20,10,13
60,10,2/6/2017,10,20,10,24
60,10,3/6/2017,10,20,11,10
60,10,2/15/2017,10,20,11,11
60,10,2/12/2017,10,20,11,12
60,10,1/17/2017,10,20,11,13
60,10,2/8/2017,10,20,11,24
60,10,3/10/2017,10,20,12,10
60,10,2/14/2017,10,20,12,11
60,10,2/12/2017,10,20,12,12
60,10,1/19/2017,10,20,12,13
60,10,2/7/2017,10,20,12,24
60,10,3/10/2017,10,20,13,10
60,10,2/14/2017,10,20,13,11
60,10,2/13/2017,10,20,13,12
60,10,1/19/2017,10,20,13,13
60,10,2/6/2017,10,20,13,24
60,10,3/6/2017,10,20,14,10
60,10,2/14/2017,10,20,14,11
60,10,2/15/2017,10,20,14,12
60,10,1/18/2017,10,20,14,13
60,10,2/10/2017,10,20,14,24
60,10,3/9/2017,10,20,15,10
60,10,2/14/2017,10,20,15,11
60,10,2/16/2017,10,20,15,12
60,10,1/17/2017,10,20,15,13
60,10,2/6/2017,10,20,15,24
60,10,3/10/2017,10,20,16,10
60,10,2/12/2017,10,20,16,11
60,10,2/15/2017,10,20,16,12
60,10,1/18/2017,10,20,16,13
60,10,2/8/2017,10,20,16,24
60,10,3/10/2017,10,20,17,10
60,10,2/16/2017,10,20,17,11
60,10,2/14/2017,10,20,17,12
60,10,1/20/2017,10,20,17,13
60,10,2/9/2017,10,20,17,24
60,10,3/9/2017,10,20,18,10
60,10,2/12/2017,10,20,18,11
60,10,2/13/2017,10,20,18,12
60,10,1/19/2017,10,20,18,13
60,10,2/8/2017,10,20,18,24
60,10,3/6/2017,10,20,19,10
60,10,2/14/2017,10,20,19,11
60,10,2/14/2017,10,20,19,12
60,10,1/17/2017,10,20,19,13
60,10,2/10/2017,10,20,19,24
60,10,3/7/2017,10,20,20,10
60,10,2/12/2017,10,20,20,11
60,10,2/15/2017,10,20,20,12
60,10,1/19/2017,10,20,20,13
60,10,2/7/2017,10,20,20,24
60,10,3/6/2017,10,20,21,10
60,10,2/13/2017,10,20,21,11
60,10,2/13/2017,10,20,21,12
60,10,1/16/2017,10,20,21,13
60,10,2/7/2017,10,20,21,24
60,10,3/7/2017,10,20,22,10
60,10,2/16/2017,10,20,22,11
60,10,2/12/2017,10,20,22,12
60,10,1/18/2017,10,20,22,13
60,10,2/6/2017,10,20,22,24
60,10,3/9/2017,10,20,23,10
60,10,2/13/2017,10,20,23,11
60,10,2/15/2017,10,20,23,12
60,10,1/20/2017,10,20,23,13
60,10,2/7/2017,10,20,23,24
60,10,3/10/2017,10,20,24,10
60,10,2/16/2017,10,20,24,11
60,10,2/15/2017,10,20,24,12
60,10,1/18/2017,10,20,24,13
60,10,2/6/2017,10,20,24,24
60,10,3/7/2017,10,20,25,10
60,10,2/12/2017,10,20,25,11
60,10,2/12/2017,10,20,25,12
60,10,1/17/2017,10,20,25,13
60,10,2/9/2017,10,20,25,24
60,10,3/9/2017,10,20,26,10
60,10,2/14/2017,10,20,26,11
60,10,2/16/2017,10,20,26,12
60,10,1/17/2017,10,20,26,13
60,10,2/6/2017,10,20,26,24
60,10,3/8/2017,10,20,27,10
60,10,2/15/2017,10,20,27,11
60,10,2/12/2017,10,20,27,12
60,10,1/16/2017,10,20,27,13
60,10,2/9/2017,10,20,27,24
60,10,3/8/2017,10,20,28,10
60,10,2/13/2017,10,20,28,11
60,10,2/16/2017,10,20,28,12
60,10,1/20/2017,10,20,28,13
60,10,2/10/2017,10,20,28,24
60,10,3/6/2017,10,20,29,10
60,10,2/14/2017,10,20,29,11
60,10,2/12/2017,10,20,29,12
60,10,1/20/2017,10,20,29,13
60,10,2/8/2017,10,20,29,24
60,10,3/8/2017,10,20,30,10
60,10,2/15/2017,10,20,30,11
60,10,2/14/2017,10,20,30,12
60,10,1/20/2017,10,20,30,13
60,10,2/10/2017,10,20,30,24
60,10,6/16/2017,10,20,151,10
60,10,6/5/2017,10,20,151,11
60,10,8/9/2017,10,20,151,12
60,10,6/24/2017,10,20,151,13
60,10,7/2/2017,10,20,151,24
60,10,6/18/2017,10,20,152,10
60,10,6/3/2017,10,20,152,11
60,10,8/8/2017,10,20,152,12
60,10,6/23/2017,10,20,152,13
60,10,6/28/2017,10,20,152,24
60,10,6/19/2017,10,20,153,10
60,10,6/4/2017,10,20,153,11
60,10,8/9/2017,10,20,153,12
60,10,6/26/2017,10,20,153,13
60,10,6/29/2017,10,20,153,24
60,10,6/15/2017,10,20,154,10
60,10,6/2/2017,10,20,154,11
60,10,8/7/2017,10,20,154,12
60,10,6/25/2017,10,20,154,13
60,10,6/28/2017,10,20,154,24
60,10,6/17/2017,10,20,155,10
60,10,6/2/2017,10,20,155,11
60,10,8/6/2017,10,20,155,12
60,10,6/25/2017,10,20,155,13
60,10,7/2/2017,10,20,155,24
60,10,6/16/2017,10,20,156,10
60,10,6/5/2017,10,20,156,11
60,10,8/9/2017,10,20,156,12
60,10,6/24/2017,10,20,156,13
60,10,6/29/2017,10,20,156,24
60,10,6/19/2017,10,20,157,10
60,10,6/6/2017,10,20,157,11
60,10,8/6/2017,10,20,157,12
60,10,6/25/2017,10,20,157,13
60,10,7/2/2017,10,20,157,24
60,10,6/16/2017,10,20,158,10
60,10,6/3/2017,10,20,158,11
60,10,8/9/2017,10,20,158,12
60,10,6/23/2017,10,20,158,13
60,10,6/30/2017,10,20,158,24
60,10,6/17/2017,10,20,159,10
60,10,6/6/2017,10,20,159,11
60,10,8/6/2017,10,20,159,12
60,10,6/25/2017,10,20,159,13
60,10,6/29/2017,10,20,159,24
60,10,6/16/2017,10,20,160,10
60,10,6/5/2017,10,20,160,11
60,10,8/7/2017,10,20,160,12
60,10,6/26/2017,10,20,160,13
60,10,6/29/2017,10,20,160,24
60,10,6/16/2017,10,20,161,10
60,10,6/4/2017,10,20,161,11
60,10,8/10/2017,10,20,161,12
60,10,6/23/2017,10,20,161,13
60,10,6/28/2017,10,20,161,24
60,10,6/17/2017,10,20,162,10
60,10,6/2/2017,10,20,162,11
60,10,8/7/2017,10,20,162,12
60,10,6/22/2017,10,20,162,13
60,10,6/29/2017,10,20,162,24
60,10,6/15/2017,10,20,163,10
60,10,6/5/2017,10,20,163,11
60,10,8/8/2017,10,20,163,12
60,10,6/25/2017,10,20,163,13
60,10,7/1/2017,10,20,163,24
60,10,6/17/2017,10,20,164,10
60,10,6/2/2017,10,20,164,11
60,10,8/7/2017,10,20,164,12
60,10,6/23/2017,10,20,164,13
60,10,6/29/2017,10,20,164,24
60,10,6/18/2017,10,20,165,10
60,10,6/4/2017,10,20,165,11
60,10,8/8/2017,10,20,165,12
60,10,6/26/2017,10,20,165,13
60,10,6/29/2017,10,20,165,24
60,10,6/19/2017,10,20,166,10
60,10,6/3/2017,10,20,166,11
60,10,8/7/2017,10,20,166,12
60,10,6/23/2017,10,20,166,13
60,10,6/30/2017,10,20,166,24
60,10,6/16/2017,10,20,167,10
60,10,6/3/2017,10,20,167,11
60,10,8/7/2017,10,20,167,12
60,10,6/22/2017,10,20,167,13
60,10,6/28/2017,10,20,167,24
60,10,6/17/2017,10,20,168,10
60,10,6/3/2017,10,20,168,11
60,10,8/7/2017,10,20,168,12
60,10,6/26/2017,10,20,168,13
60,10,7/2/2017,10,20,168,24
60,10,6/18/2017,10,20,169,10
60,10,6/3/2017,10,20,169,11
60,10,8/8/2017,10,20,169,12
60,10,6/24/2017,10,20,169,13
60,10,6/30/2017,10,20,169,24
60,10,6/16/2017,10,20,170,10
60,10,6/6/2017,10,20,170,11
60,10,8/7/2017,10,20,170,12
60,10,6/25/2017,10,20,170,13
60,10,7/2/2017,10,20,170,24
60,10,3/10/2017,10,20,31,10
60,10,1/29/2017,10,20,31,11
60,10,2/26/2017,10,20,31,12
60,10,3/20/2017,10,20,31,13
60,10,2/6/2017,10,20,31,24
60,10,3/6/2017,10,20,32,10
60,10,1/29/2017,10,20,32,11
60,10,2/28/2017,10,20,32,12
60,10,3/17/2017,10,20,32,13
60,10,2/8/2017,10,20,32,24
60,10,3/6/2017,10,20,33,10
60,10,1/30/2017,10,20,33,11
60,10,3/1/2017,10,20,33,12
60,10,3/17/2017,10,20,33,13
60,10,2/4/2017,10,20,33,24
60,10,3/6/2017,10,20,34,10
60,10,1/28/2017,10,20,34,11
60,10,3/1/2017,10,20,34,12
60,10,3/21/2017,10,20,34,13
60,10,2/7/2017,10,20,34,24
60,10,3/6/2017,10,20,35,10
60,10,1/28/2017,10,20,35,11
60,10,2/27/2017,10,20,35,12
60,10,3/17/2017,10,20,35,13
60,10,2/6/2017,10,20,35,24
60,10,3/8/2017,10,20,36,10
60,10,1/31/2017,10,20,36,11
60,10,2/27/2017,10,20,36,12
60,10,3/17/2017,10,20,36,13
60,10,2/5/2017,10,20,36,24
60,10,3/7/2017,10,20,37,10
60,10,1/31/2017,10,20,37,11
60,10,3/1/2017,10,20,37,12
60,10,3/20/2017,10,20,37,13
60,10,2/7/2017,10,20,37,24
60,10,3/10/2017,10,20,38,10
60,10,1/30/2017,10,20,38,11
60,10,3/1/2017,10,20,38,12
60,10,3/21/2017,10,20,38,13
60,10,2/4/2017,10,20,38,24
60,10,3/6/2017,10,20,39,10
60,10,1/31/2017,10,20,39,11
60,10,2/28/2017,10,20,39,12
60,10,3/19/2017,10,20,39,13
60,10,2/4/2017,10,20,39,24
60,10,3/9/2017,10,20,40,10
60,10,1/29/2017,10,20,40,11
60,10,3/1/2017,10,20,40,12
60,10,3/18/2017,10,20,40,13
60,10,2/7/2017,10,20,40,24
60,10,3/10/2017,10,20,41,10
60,10,1/29/2017,10,20,41,11
60,10,2/25/2017,10,20,41,12
60,10,3/20/2017,10,20,41,13
60,10,2/8/2017,10,20,41,24
60,10,3/9/2017,10,20,42,10
60,10,1/29/2017,10,20,42,11
60,10,2/28/2017,10,20,42,12
60,10,3/19/2017,10,20,42,13
60,10,2/5/2017,10,20,42,24
60,10,3/10/2017,10,20,43,10
60,10,1/28/2017,10,20,43,11
60,10,2/28/2017,10,20,43,12
60,10,3/20/2017,10,20,43,13
60,10,2/6/2017,10,20,43,24
60,10,3/9/2017,10,20,44,10
60,10,1/31/2017,10,20,44,11
60,10,2/27/2017,10,20,44,12
60,10,3/17/2017,10,20,44,13
60,10,2/7/2017,10,20,44,24
60,10,3/10/2017,10,20,45,10
60,10,1/29/2017,10,20,45,11
60,10,2/27/2017,10,20,45,12
60,10,3/18/2017,10,20,45,13
60,10,2/6/2017,10,20,45,24
60,10,3/9/2017,10,20,46,10
60,10,1/31/2017,10,20,46,11
60,10,2/28/2017,10,20,46,12
60,10,3/17/2017,10,20,46,13
60,10,2/6/2017,10,20,46,24
60,10,3/6/2017,10,20,47,10
60,10,1/27/2017,10,20,47,11
60,10,3/1/2017,10,20,47,12
60,10,3/18/2017,10,20,47,13
60,10,2/5/2017,10,20,47,24
60,10,3/7/2017,10,20,48,10
60,10,1/29/2017,10,20,48,11
60,10,3/1/2017,10,20,48,12
60,10,3/17/2017,10,20,48,13
60,10,2/8/2017,10,20,48,24
60,10,3/6/2017,10,20,49,10
60,10,1/29/2017,10,20,49,11
60,10,2/27/2017,10,20,49,12
60,10,3/17/2017,10,20,49,13
60,10,2/6/2017,10,20,49,24
60,10,3/6/2017,10,20,50,10
60,10,1/29/2017,10,20,50,11
60,10,2/28/2017,10,20,50,12
60,10,3/21/2017,10,20,50,13
60,10,2/5/2017,10,20,50,24
60,10,3/10/2017,10,20,51,10
60,10,1/31/2017,10,20,51,11
60,10,3/1/2017,10,20,51,12
60,10,3/19/2017,10,20,51,13
60,10,2/8/2017,10,20,51,24
60,10,3/9/2017,10,20,52,10
60,10,1/29/2017,10,20,52,11
60,10,2/25/2017,10,20,52,12
60,10,3/18/2017,10,20,52,13
60,10,2/4/2017,10,20,52,24
60,10,3/9/2017,10,20,53,10
60,10,1/29/2017,10,20,53,11
60,10,2/27/2017,10,20,53,12
60,10,3/17/2017,10,20,53,13
60,10,2/7/2017,10,20,53,24
60,10,3/10/2017,10,20,54,10
60,10,1/31/2017,10,20,54,11
60,10,2/26/2017,10,20,54,12
60,10,3/21/2017,10,20,54,13
60,10,2/8/2017,10,20,54,24
60,10,3/10/2017,10,20,55,10
60,10,1/30/2017,10,20,55,11
60,10,2/27/2017,10,20,55,12
60,10,3/21/2017,10,20,55,13
60,10,2/4/2017,10,20,55,24
60,10,3/10/2017,10,20,56,10
60,10,1/28/2017,10,20,56,11
60,10,3/1/2017,10,20,56,12
60,10,3/17/2017,10,20,56,13
60,10,2/6/2017,10,20,56,24
60,10,3/8/2017,10,20,57,10
60,10,1/31/2017,10,20,57,11
60,10,2/27/2017,10,20,57,12
60,10,3/21/2017,10,20,57,13
60,10,2/7/2017,10,20,57,24
60,10,3/7/2017,10,20,58,10
60,10,1/31/2017,10,20,58,11
60,10,2/25/2017,10,20,58,12
60,10,3/20/2017,10,20,58,13
60,10,2/8/2017,10,20,58,24
60,10,3/7/2017,10,20,59,10
60,10,1/30/2017,10,20,59,11
60,10,2/25/2017,10,20,59,12
60,10,3/19/2017,10,20,59,13
60,10,2/8/2017,10,20,59,24
60,10,3/7/2017,10,20,60,10
60,10,1/30/2017,10,20,60,11
60,10,2/26/2017,10,20,60,12
60,10,3/19/2017,10,20,60,13
60,10,2/5/2017,10,20,60,24
60,10,5/10/2017,10,20,171,10
60,10,7/10/2017,10,20,171,11
60,10,6/4/2017,10,20,171,12
60,10,6/19/2017,10,20,171,13
60,10,6/11/2017,10,20,171,24
60,10,5/11/2017,10,20,172,10
60,10,7/10/2017,10,20,172,11
60,10,6/2/2017,10,20,172,12
60,10,6/22/2017,10,20,172,13
60,10,6/12/2017,10,20,172,24
60,10,5/9/2017,10,20,173,10
60,10,7/12/2017,10,20,173,11
60,10,6/2/2017,10,20,173,12
60,10,6/18/2017,10,20,173,13
60,10,6/12/2017,10,20,173,24
60,10,5/8/2017,10,20,174,10
60,10,7/9/2017,10,20,174,11
60,10,6/1/2017,10,20,174,12
60,10,6/19/2017,10,20,174,13
60,10,6/9/2017,10,20,174,24
60,10,5/9/2017,10,20,175,10
60,10,7/10/2017,10,20,175,11
60,10,6/4/2017,10,20,175,12
60,10,6/21/2017,10,20,175,13
60,10,6/11/2017,10,20,175,24
60,10,5/12/2017,10,20,176,10
60,10,7/11/2017,10,20,176,11
60,10,6/1/2017,10,20,176,12
60,10,6/19/2017,10,20,176,13
60,10,6/9/2017,10,20,176,24
60,10,5/9/2017,10,20,177,10
60,10,7/12/2017,10,20,177,11
60,10,6/1/2017,10,20,177,12
60,10,6/22/2017,10,20,177,13
60,10,6/9/2017,10,20,177,24
60,10,5/12/2017,10,20,178,10
60,10,7/9/2017,10,20,178,11
60,10,6/1/2017,10,20,178,12
60,10,6/22/2017,10,20,178,13
60,10,6/12/2017,10,20,178,24
60,10,5/11/2017,10,20,179,10
60,10,7/11/2017,10,20,179,11
60,10,5/31/2017,10,20,179,12
60,10,6/19/2017,10,20,179,13
60,10,6/9/2017,10,20,179,24
60,10,5/9/2017,10,20,180,10
60,10,7/12/2017,10,20,180,11
60,10,6/1/2017,10,20,180,12
60,10,6/20/2017,10,20,180,13
60,10,6/12/2017,10,20,180,24
60,10,5/11/2017,10,20,181,10
60,10,7/12/2017,10,20,181,11
60,10,6/2/2017,10,20,181,12
60,10,6/20/2017,10,20,181,13
60,10,6/12/2017,10,20,181,24
60,10,5/12/2017,10,20,182,10
60,10,7/12/2017,10,20,182,11
60,10,5/31/2017,10,20,182,12
60,10,6/19/2017,10,20,182,13
60,10,6/12/2017,10,20,182,24
60,10,5/10/2017,10,20,183,10
60,10,7/10/2017,10,20,183,11
60,10,5/31/2017,10,20,183,12
60,10,6/22/2017,10,20,183,13
60,10,6/13/2017,10,20,183,24
60,10,5/10/2017,10,20,184,10
60,10,7/12/2017,10,20,184,11
60,10,6/3/2017,10,20,184,12
60,10,6/18/2017,10,20,184,13
60,10,6/11/2017,10,20,184,24
60,10,5/10/2017,10,20,185,10
60,10,7/12/2017,10,20,185,11
60,10,6/4/2017,10,20,185,12
60,10,6/19/2017,10,20,185,13
60,10,6/11/2017,10,20,185,24
60,10,5/8/2017,10,20,186,10
60,10,7/12/2017,10,20,186,11
60,10,6/4/2017,10,20,186,12
60,10,6/19/2017,10,20,186,13
60,10,6/13/2017,10,20,186,24
60,10,5/9/2017,10,20,187,10
60,10,7/12/2017,10,20,187,11
60,10,6/2/2017,10,20,187,12
60,10,6/19/2017,10,20,187,13
60,10,6/12/2017,10,20,187,24
60,10,5/8/2017,10,20,188,10
60,10,7/9/2017,10,20,188,11
60,10,5/31/2017,10,20,188,12
60,10,6/22/2017,10,20,188,13
60,10,6/11/2017,10,20,188,24
60,10,5/9/2017,10,20,189,10
60,10,7/10/2017,10,20,189,11
60,10,5/31/2017,10,20,189,12
60,10,6/22/2017,10,20,189,13
60,10,6/12/2017,10,20,189,24
60,10,5/10/2017,10,20,190,10
60,10,7/9/2017,10,20,190,11
60,10,6/2/2017,10,20,190,12
60,10,6/20/2017,10,20,190,13
60,10,6/11/2017,10,20,190,24
60,10,2/4/2017,10,20,61,10
60,10,1/11/2017,10,20,61,11
60,10,2/28/2017,10,20,61,12
60,10,2/6/2017,10,20,61,13
60,10,4/2/2017,10,20,61,24
60,10,2/3/2017,10,20,62,10
60,10,1/12/2017,10,20,62,11
60,10,2/27/2017,10,20,62,12
60,10,2/6/2017,10,20,62,13
60,10,3/31/2017,10,20,62,24
60,10,1/31/2017,10,20,63,10
60,10,1/10/2017,10,20,63,11
60,10,2/25/2017,10,20,63,12
60,10,2/5/2017,10,20,63,13
60,10,4/1/2017,10,20,63,24
60,10,1/31/2017,10,20,64,10
60,10,1/9/2017,10,20,64,11
60,10,2/25/2017,10,20,64,12
60,10,2/8/2017,10,20,64,13
60,10,4/1/2017,10,20,64,24
60,10,2/2/2017,10,20,65,10
60,10,1/11/2017,10,20,65,11
60,10,2/24/2017,10,20,65,12
60,10,2/6/2017,10,20,65,13
60,10,4/3/2017,10,20,65,24
60,10,2/1/2017,10,20,66,10
60,10,1/10/2017,10,20,66,11
60,10,2/25/2017,10,20,66,12
60,10,2/4/2017,10,20,66,13
60,10,4/3/2017,10,20,66,24
60,10,2/1/2017,10,20,67,10
60,10,1/11/2017,10,20,67,11
60,10,2/26/2017,10,20,67,12
60,10,2/7/2017,10,20,67,13
60,10,4/2/2017,10,20,67,24
60,10,1/31/2017,10,20,68,10
60,10,1/13/2017,10,20,68,11
60,10,2/26/2017,10,20,68,12
60,10,2/7/2017,10,20,68,13
60,10,4/1/2017,10,20,68,24
60,10,2/2/2017,10,20,69,10
60,10,1/13/2017,10,20,69,11
60,10,2/27/2017,10,20,69,12
60,10,2/4/2017,10,20,69,13
60,10,3/30/2017,10,20,69,24
60,10,2/3/2017,10,20,70,10
60,10,1/13/2017,10,20,70,11
60,10,2/28/2017,10,20,70,12
60,10,2/7/2017,10,20,70,13
60,10,4/3/2017,10,20,70,24
60,10,2/1/2017,10,20,71,10
60,10,1/12/2017,10,20,71,11
60,10,2/24/2017,10,20,71,12
60,10,2/7/2017,10,20,71,13
60,10,4/2/2017,10,20,71,24
60,10,1/31/2017,10,20,72,10
60,10,1/9/2017,10,20,72,11
60,10,2/28/2017,10,20,72,12
60,10,2/5/2017,10,20,72,13
60,10,3/31/2017,10,20,72,24
60,10,2/1/2017,10,20,73,10
60,10,1/12/2017,10,20,73,11
60,10,2/27/2017,10,20,73,12
60,10,2/4/2017,10,20,73,13
60,10,4/1/2017,10,20,73,24
60,10,2/2/2017,10,20,74,10
60,10,1/12/2017,10,20,74,11
60,10,2/24/2017,10,20,74,12
60,10,2/6/2017,10,20,74,13
60,10,4/3/2017,10,20,74,24
60,10,2/3/2017,10,20,75,10
60,10,1/10/2017,10,20,75,11
60,10,2/28/2017,10,20,75,12
60,10,2/6/2017,10,20,75,13
60,10,3/31/2017,10,20,75,24
60,10,2/1/2017,10,20,76,10
60,10,1/12/2017,10,20,76,11
60,10,2/28/2017,10,20,76,12
60,10,2/6/2017,10,20,76,13
60,10,4/3/2017,10,20,76,24
60,10,1/31/2017,10,20,77,10
60,10,1/11/2017,10,20,77,11
60,10,2/26/2017,10,20,77,12
60,10,2/5/2017,10,20,77,13
60,10,3/31/2017,10,20,77,24
60,10,2/2/2017,10,20,78,10
60,10,1/12/2017,10,20,78,11
60,10,2/24/2017,10,20,78,12
60,10,2/6/2017,10,20,78,13
60,10,3/30/2017,10,20,78,24
60,10,2/3/2017,10,20,79,10
60,10,1/11/2017,10,20,79,11
60,10,2/25/2017,10,20,79,12
60,10,2/6/2017,10,20,79,13
60,10,3/31/2017,10,20,79,24
60,10,2/1/2017,10,20,80,10
60,10,1/13/2017,10,20,80,11
60,10,2/28/2017,10,20,80,12
60,10,2/7/2017,10,20,80,13
60,10,3/30/2017,10,20,80,24
60,10,1/31/2017,10,20,81,10
60,10,1/12/2017,10,20,81,11
60,10,2/25/2017,10,20,81,12
60,10,2/8/2017,10,20,81,13
60,10,4/1/2017,10,20,81,24
60,10,2/1/2017,10,20,82,10
60,10,1/10/2017,10,20,82,11
60,10,2/25/2017,10,20,82,12
60,10,2/8/2017,10,20,82,13
60,10,3/30/2017,10,20,82,24
60,10,1/31/2017,10,20,83,10
60,10,1/10/2017,10,20,83,11
60,10,2/26/2017,10,20,83,12
60,10,2/8/2017,10,20,83,13
60,10,4/3/2017,10,20,83,24
60,10,1/31/2017,10,20,84,10
60,10,1/9/2017,10,20,84,11
60,10,2/24/2017,10,20,84,12
60,10,2/8/2017,10,20,84,13
60,10,4/3/2017,10,20,84,24
60,10,2/1/2017,10,20,85,10
60,10,1/12/2017,10,20,85,11
60,10,2/26/2017,10,20,85,12
60,10,2/4/2017,10,20,85,13
60,10,3/30/2017,10,20,85,24
60,10,2/1/2017,10,20,86,10
60,10,1/11/2017,10,20,86,11
60,10,2/27/2017,10,20,86,12
60,10,2/7/2017,10,20,86,13
60,10,4/3/2017,10,20,86,24
60,10,2/1/2017,10,20,87,10
60,10,1/9/2017,10,20,87,11
60,10,2/26/2017,10,20,87,12
60,10,2/8/2017,10,20,87,13
60,10,4/3/2017,10,20,87,24
60,10,2/1/2017,10,20,88,10
60,10,1/9/2017,10,20,88,11
60,10,2/24/2017,10,20,88,12
60,10,2/5/2017,10,20,88,13
60,10,3/30/2017,10,20,88,24
60,10,2/1/2017,10,20,89,10
60,10,1/12/2017,10,20,89,11
60,10,2/24/2017,10,20,89,12
60,10,2/7/2017,10,20,89,13
60,10,4/2/2017,10,20,89,24
60,10,2/1/2017,10,20,90,10
60,10,1/9/2017,10,20,90,11
60,10,2/26/2017,10,20,90,12
60,10,2/4/2017,10,20,90,13
60,10,4/3/2017,10,20,90,24
60,10,6/10/2017,10,20,191,10
60,10,6/29/2017,10,20,191,11
60,10,5/25/2017,10,20,191,12
60,10,8/4/2017,10,20,191,13
60,10,7/29/2017,10,20,191,24
60,10,6/10/2017,10,20,192,10
60,10,6/29/2017,10,20,192,11
60,10,5/21/2017,10,20,192,12
60,10,7/31/2017,10,20,192,13
60,10,7/25/2017,10,20,192,24
60,10,6/7/2017,10,20,193,10
60,10,7/1/2017,10,20,193,11
60,10,5/25/2017,10,20,193,12
60,10,8/4/2017,10,20,193,13
60,10,7/28/2017,10,20,193,24
60,10,6/10/2017,10,20,194,10
60,10,6/28/2017,10,20,194,11
60,10,5/25/2017,10,20,194,12
60,10,8/3/2017,10,20,194,13
60,10,7/26/2017,10,20,194,24
60,10,6/11/2017,10,20,195,10
60,10,6/29/2017,10,20,195,11
60,10,5/21/2017,10,20,195,12
60,10,7/31/2017,10,20,195,13
60,10,7/29/2017,10,20,195,24
60,10,6/7/2017,10,20,196,10
60,10,7/1/2017,10,20,196,11
60,10,5/24/2017,10,20,196,12
60,10,8/4/2017,10,20,196,13
60,10,7/26/2017,10,20,196,24
60,10,6/10/2017,10,20,197,10
60,10,7/1/2017,10,20,197,11
60,10,5/24/2017,10,20,197,12
60,10,8/1/2017,10,20,197,13
60,10,7/27/2017,10,20,197,24
60,10,6/7/2017,10,20,198,10
60,10,7/1/2017,10,20,198,11
60,10,5/21/2017,10,20,198,12
60,10,8/3/2017,10,20,198,13
60,10,7/29/2017,10,20,198,24
60,10,6/11/2017,10,20,199,10
60,10,6/30/2017,10,20,199,11
60,10,5/22/2017,10,20,199,12
60,10,8/1/2017,10,20,199,13
60,10,7/27/2017,10,20,199,24
60,10,6/8/2017,10,20,200,10
60,10,6/30/2017,10,20,200,11
60,10,5/25/2017,10,20,200,12
60,10,7/31/2017,10,20,200,13
60,10,7/26/2017,10,20,200,24
60,10,6/10/2017,10,20,201,10
60,10,6/30/2017,10,20,201,11
60,10,5/23/2017,10,20,201,12
60,10,8/2/2017,10,20,201,13
60,10,7/28/2017,10,20,201,24
60,10,6/10/2017,10,20,202,10
60,10,7/1/2017,10,20,202,11
60,10,5/25/2017,10,20,202,12
60,10,8/4/2017,10,20,202,13
60,10,7/27/2017,10,20,202,24
60,10,6/11/2017,10,20,203,10
60,10,6/28/2017,10,20,203,11
60,10,5/25/2017,10,20,203,12
60,10,8/2/2017,10,20,203,13
60,10,7/25/2017,10,20,203,24
60,10,6/10/2017,10,20,204,10
60,10,7/1/2017,10,20,204,11
60,10,5/25/2017,10,20,204,12
60,10,8/1/2017,10,20,204,13
60,10,7/26/2017,10,20,204,24
60,10,6/11/2017,10,20,205,10
60,10,7/2/2017,10,20,205,11
60,10,5/25/2017,10,20,205,12
60,10,8/1/2017,10,20,205,13
60,10,7/28/2017,10,20,205,24
60,10,6/8/2017,10,20,206,10
60,10,7/2/2017,10,20,206,11
60,10,5/21/2017,10,20,206,12
60,10,8/3/2017,10,20,206,13
60,10,7/25/2017,10,20,206,24
60,10,6/8/2017,10,20,207,10
60,10,6/30/2017,10,20,207,11
60,10,5/25/2017,10,20,207,12
60,10,8/1/2017,10,20,207,13
60,10,7/27/2017,10,20,207,24
60,10,6/8/2017,10,20,208,10
60,10,6/28/2017,10,20,208,11
60,10,5/21/2017,10,20,208,12
60,10,7/31/2017,10,20,208,13
60,10,7/25/2017,10,20,208,24
60,10,6/9/2017,10,20,209,10
60,10,6/28/2017,10,20,209,11
60,10,5/25/2017,10,20,209,12
60,10,8/1/2017,10,20,209,13
60,10,7/29/2017,10,20,209,24
60,10,6/7/2017,10,20,210,10
60,10,6/29/2017,10,20,210,11
60,10,5/24/2017,10,20,210,12
60,10,8/3/2017,10,20,210,13
60,10,7/28/2017,10,20,210,24
60,10,4/2/2017,10,20,91,10
60,10,4/13/2017,10,20,91,11
60,10,3/26/2017,10,20,91,12
60,10,3/31/2017,10,20,91,13
60,10,1/19/2017,10,20,91,24
60,10,3/30/2017,10,20,92,10
60,10,4/16/2017,10,20,92,11
60,10,3/28/2017,10,20,92,12
60,10,4/2/2017,10,20,92,13
60,10,1/20/2017,10,20,92,24
60,10,4/3/2017,10,20,93,10
60,10,4/13/2017,10,20,93,11
60,10,3/26/2017,10,20,93,12
60,10,3/30/2017,10,20,93,13
60,10,1/16/2017,10,20,93,24
60,10,4/3/2017,10,20,94,10
60,10,4/15/2017,10,20,94,11
60,10,3/29/2017,10,20,94,12
60,10,3/30/2017,10,20,94,13
60,10,1/16/2017,10,20,94,24
60,10,4/1/2017,10,20,95,10
60,10,4/13/2017,10,20,95,11
60,10,3/25/2017,10,20,95,12
60,10,3/29/2017,10,20,95,13
60,10,1/17/2017,10,20,95,24
60,10,4/3/2017,10,20,96,10
60,10,4/14/2017,10,20,96,11
60,10,3/25/2017,10,20,96,12
60,10,4/2/2017,10,20,96,13
60,10,1/20/2017,10,20,96,24
60,10,4/3/2017,10,20,97,10
60,10,4/13/2017,10,20,97,11
60,10,3/28/2017,10,20,97,12
60,10,3/29/2017,10,20,97,13
60,10,1/19/2017,10,20,97,24
60,10,4/1/2017,10,20,98,10
60,10,4/14/2017,10,20,98,11
60,10,3/28/2017,10,20,98,12
60,10,3/31/2017,10,20,98,13
60,10,1/20/2017,10,20,98,24
60,10,4/3/2017,10,20,99,10
60,10,4/12/2017,10,20,99,11
60,10,3/29/2017,10,20,99,12
60,10,3/30/2017,10,20,99,13
60,10,1/19/2017,10,20,99,24
60,10,4/1/2017,10,20,100,10
60,10,4/14/2017,10,20,100,11
60,10,3/27/2017,10,20,100,12
60,10,4/2/2017,10,20,100,13
60,10,1/19/2017,10,20,100,24
60,10,4/2/2017,10,20,101,10
60,10,4/15/2017,10,20,101,11
60,10,3/26/2017,10,20,101,12
60,10,4/1/2017,10,20,101,13
60,10,1/17/2017,10,20,101,24
60,10,4/3/2017,10,20,102,10
60,10,4/12/2017,10,20,102,11
60,10,3/29/2017,10,20,102,12
60,10,4/2/2017,10,20,102,13
60,10,1/18/2017,10,20,102,24
60,10,3/30/2017,10,20,103,10
60,10,4/16/2017,10,20,103,11
60,10,3/27/2017,10,20,103,12
60,10,3/29/2017,10,20,103,13
60,10,1/20/2017,10,20,103,24
60,10,3/31/2017,10,20,104,10
60,10,4/15/2017,10,20,104,11
60,10,3/28/2017,10,20,104,12
60,10,4/2/2017,10,20,104,13
60,10,1/18/2017,10,20,104,24
60,10,4/3/2017,10,20,105,10
60,10,4/12/2017,10,20,105,11
60,10,3/26/2017,10,20,105,12
60,10,3/29/2017,10,20,105,13
60,10,1/18/2017,10,20,105,24
60,10,4/2/2017,10,20,106,10
60,10,4/14/2017,10,20,106,11
60,10,3/29/2017,10,20,106,12
60,10,3/30/2017,10,20,106,13
60,10,1/19/2017,10,20,106,24
60,10,4/1/2017,10,20,107,10
60,10,4/12/2017,10,20,107,11
60,10,3/26/2017,10,20,107,12
60,10,3/29/2017,10,20,107,13
60,10,1/17/2017,10,20,107,24
60,10,4/1/2017,10,20,108,10
60,10,4/15/2017,10,20,108,11
60,10,3/28/2017,10,20,108,12
60,10,4/1/2017,10,20,108,13
60,10,1/20/2017,10,20,108,24
60,10,4/2/2017,10,20,109,10
60,10,4/15/2017,10,20,109,11
60,10,3/27/2017,10,20,109,12
60,10,4/2/2017,10,20,109,13
60,10,1/18/2017,10,20,109,24
60,10,4/1/2017,10,20,110,10
60,10,4/14/2017,10,20,110,11
60,10,3/27/2017,10,20,110,12
60,10,3/31/2017,10,20,110,13
60,10,1/18/2017,10,20,110,24
60,10,3/30/2017,10,20,111,10
60,10,4/15/2017,10,20,111,11
60,10,3/27/2017,10,20,111,12
60,10,4/1/2017,10,20,111,13
60,10,1/16/2017,10,20,111,24
60,10,3/31/2017,10,20,112,10
60,10,4/12/2017,10,20,112,11
60,10,3/28/2017,10,20,112,12
60,10,4/2/2017,10,20,112,13
60,10,1/16/2017,10,20,112,24
60,10,4/3/2017,10,20,113,10
60,10,4/16/2017,10,20,113,11
60,10,3/28/2017,10,20,113,12
60,10,4/1/2017,10,20,113,13
60,10,1/19/2017,10,20,113,24
60,10,3/30/2017,10,20,114,10
60,10,4/16/2017,10,20,114,11
60,10,3/28/2017,10,20,114,12
60,10,3/30/2017,10,20,114,13
60,10,1/16/2017,10,20,114,24
60,10,3/31/2017,10,20,115,10
60,10,4/15/2017,10,20,115,11
60,10,3/29/2017,10,20,115,12
60,10,3/30/2017,10,20,115,13
60,10,1/19/2017,10,20,115,24
60,10,4/1/2017,10,20,116,10
60,10,4/16/2017,10,20,116,11
60,10,3/25/2017,10,20,116,12
60,10,3/30/2017,10,20,116,13
60,10,1/18/2017,10,20,116,24
60,10,4/2/2017,10,20,117,10
60,10,4/12/2017,10,20,117,11
60,10,3/29/2017,10,20,117,12
60,10,4/1/2017,10,20,117,13
60,10,1/16/2017,10,20,117,24
60,10,4/1/2017,10,20,118,10
60,10,4/13/2017,10,20,118,11
60,10,3/29/2017,10,20,118,12
60,10,4/2/2017,10,20,118,13
60,10,1/17/2017,10,20,118,24
60,10,3/30/2017,10,20,119,10
60,10,4/12/2017,10,20,119,11
60,10,3/25/2017,10,20,119,12
60,10,4/1/2017,10,20,119,13
60,10,1/17/2017,10,20,119,24
60,10,4/2/2017,10,20,120,10
60,10,4/12/2017,10,20,120,11
60,10,3/26/2017,10,20,120,12
60,10,3/29/2017,10,20,120,13
60,10,1/18/2017,10,20,120,24
60,10,6/15/2017,10,20,211,10
60,10,7/23/2017,10,20,211,11
60,10,7/3/2017,10,20,211,12
60,10,8/16/2017,10,20,211,13
60,10,7/6/2017,10,20,211,24
60,10,6/13/2017,10,20,212,10
60,10,7/23/2017,10,20,212,11
60,10,7/2/2017,10,20,212,12
60,10,8/12/2017,10,20,212,13
60,10,7/6/2017,10,20,212,24
60,10,6/13/2017,10,20,213,10
60,10,7/21/2017,10,20,213,11
60,10,6/30/2017,10,20,213,12
60,10,8/12/2017,10,20,213,13
60,10,7/3/2017,10,20,213,24
60,10,6/13/2017,10,20,214,10
60,10,7/21/2017,10,20,214,11
60,10,7/1/2017,10,20,214,12
60,10,8/13/2017,10,20,214,13
60,10,7/6/2017,10,20,214,24
60,10,6/13/2017,10,20,215,10
60,10,7/25/2017,10,20,215,11
60,10,7/3/2017,10,20,215,12
60,10,8/14/2017,10,20,215,13
60,10,7/5/2017,10,20,215,24
60,10,6/16/2017,10,20,216,10
60,10,7/22/2017,10,20,216,11
60,10,6/30/2017,10,20,216,12
60,10,8/16/2017,10,20,216,13
60,10,7/7/2017,10,20,216,24
60,10,6/13/2017,10,20,217,10
60,10,7/21/2017,10,20,217,11
60,10,7/1/2017,10,20,217,12
60,10,8/16/2017,10,20,217,13
60,10,7/5/2017,10,20,217,24
60,10,6/13/2017,10,20,218,10
60,10,7/21/2017,10,20,218,11
60,10,7/3/2017,10,20,218,12
60,10,8/15/2017,10,20,218,13
60,10,7/3/2017,10,20,218,24
60,10,6/16/2017,10,20,219,10
60,10,7/22/2017,10,20,219,11
60,10,7/4/2017,10,20,219,12
60,10,8/13/2017,10,20,219,13
60,10,7/7/2017,10,20,219,24
60,10,6/13/2017,10,20,220,10
60,10,7/23/2017,10,20,220,11
60,10,7/4/2017,10,20,220,12
60,10,8/13/2017,10,20,220,13
60,10,7/5/2017,10,20,220,24
60,10,6/16/2017,10,20,221,10
60,10,7/22/2017,10,20,221,11
60,10,7/4/2017,10,20,221,12
60,10,8/12/2017,10,20,221,13
60,10,7/7/2017,10,20,221,24
60,10,6/14/2017,10,20,222,10
60,10,7/24/2017,10,20,222,11
60,10,7/1/2017,10,20,222,12
60,10,8/13/2017,10,20,222,13
60,10,7/4/2017,10,20,222,24
60,10,6/14/2017,10,20,223,10
60,10,7/21/2017,10,20,223,11
60,10,7/1/2017,10,20,223,12
60,10,8/12/2017,10,20,223,13
60,10,7/4/2017,10,20,223,24
60,10,6/14/2017,10,20,224,10
60,10,7/22/2017,10,20,224,11
60,10,7/4/2017,10,20,224,12
60,10,8/15/2017,10,20,224,13
60,10,7/5/2017,10,20,224,24
60,10,6/13/2017,10,20,225,10
60,10,7/25/2017,10,20,225,11
60,10,6/30/2017,10,20,225,12
60,10,8/14/2017,10,20,225,13
60,10,7/5/2017,10,20,225,24
60,10,6/16/2017,10,20,226,10
60,10,7/23/2017,10,20,226,11
60,10,7/2/2017,10,20,226,12
60,10,8/16/2017,10,20,226,13
60,10,7/7/2017,10,20,226,24
60,10,6/16/2017,10,20,227,10
60,10,7/25/2017,10,20,227,11
60,10,7/1/2017,10,20,227,12
60,10,8/12/2017,10,20,227,13
60,10,7/5/2017,10,20,227,24
60,10,6/13/2017,10,20,228,10
60,10,7/21/2017,10,20,228,11
60,10,6/30/2017,10,20,228,12
60,10,8/16/2017,10,20,228,13
60,10,7/6/2017,10,20,228,24
60,10,6/15/2017,10,20,229,10
60,10,7/21/2017,10,20,229,11
60,10,7/1/2017,10,20,229,12
60,10,8/16/2017,10,20,229,13
60,10,7/7/2017,10,20,229,24
60,10,6/17/2017,10,20,230,10
60,10,7/25/2017,10,20,230,11
60,10,7/4/2017,10,20,230,12
60,10,8/15/2017,10,20,230,13
60,10,7/4/2017,10,20,230,24
60,10,3/10/2017,10,20,121,10
60,10,2/14/2017,10,20,121,11
60,10,2/6/2017,10,20,121,12
60,10,3/22/2017,10,20,121,13
60,10,3/7/2017,10,20,121,24
60,10,3/10/2017,10,20,122,10
60,10,2/10/2017,10,20,122,11
60,10,2/7/2017,10,20,122,12
60,10,3/21/2017,10,20,122,13
60,10,3/7/2017,10,20,122,24
60,10,3/10/2017,10,20,123,10
60,10,2/14/2017,10,20,123,11
60,10,2/7/2017,10,20,123,12
60,10,3/23/2017,10,20,123,13
60,10,3/3/2017,10,20,123,24
60,10,3/12/2017,10,20,124,10
60,10,2/13/2017,10,20,124,11
60,10,2/3/2017,10,20,124,12
60,10,3/23/2017,10,20,124,13
60,10,3/7/2017,10,20,124,24
60,10,3/11/2017,10,20,125,10
60,10,2/11/2017,10,20,125,11
60,10,2/7/2017,10,20,125,12
60,10,3/20/2017,10,20,125,13
60,10,3/4/2017,10,20,125,24
60,10,3/9/2017,10,20,126,10
60,10,2/14/2017,10,20,126,11
60,10,2/6/2017,10,20,126,12
60,10,3/23/2017,10,20,126,13
60,10,3/4/2017,10,20,126,24
60,10,3/9/2017,10,20,127,10
60,10,2/13/2017,10,20,127,11
60,10,2/5/2017,10,20,127,12
60,10,3/23/2017,10,20,127,13
60,10,3/5/2017,10,20,127,24
60,10,3/11/2017,10,20,128,10
60,10,2/11/2017,10,20,128,11
60,10,2/3/2017,10,20,128,12
60,10,3/22/2017,10,20,128,13
60,10,3/4/2017,10,20,128,24
60,10,3/9/2017,10,20,129,10
60,10,2/10/2017,10,20,129,11
60,10,2/5/2017,10,20,129,12
60,10,3/22/2017,10,20,129,13
60,10,3/6/2017,10,20,129,24
60,10,3/11/2017,10,20,130,10
60,10,2/12/2017,10,20,130,11
60,10,2/7/2017,10,20,130,12
60,10,3/22/2017,10,20,130,13
60,10,3/7/2017,10,20,130,24
60,10,3/8/2017,10,20,131,10
60,10,2/12/2017,10,20,131,11
60,10,2/5/2017,10,20,131,12
60,10,3/19/2017,10,20,131,13
60,10,3/7/2017,10,20,131,24
60,10,3/8/2017,10,20,132,10
60,10,2/13/2017,10,20,132,11
60,10,2/5/2017,10,20,132,12
60,10,3/23/2017,10,20,132,13
60,10,3/3/2017,10,20,132,24
60,10,3/9/2017,10,20,133,10
60,10,2/12/2017,10,20,133,11
60,10,2/3/2017,10,20,133,12
60,10,3/19/2017,10,20,133,13
60,10,3/7/2017,10,20,133,24
60,10,3/10/2017,10,20,134,10
60,10,2/14/2017,10,20,134,11
60,10,2/7/2017,10,20,134,12
60,10,3/21/2017,10,20,134,13
60,10,3/5/2017,10,20,134,24
60,10,3/9/2017,10,20,135,10
60,10,2/13/2017,10,20,135,11
60,10,2/3/2017,10,20,135,12
60,10,3/22/2017,10,20,135,13
60,10,3/7/2017,10,20,135,24
60,10,3/9/2017,10,20,136,10
60,10,2/13/2017,10,20,136,11
60,10,2/5/2017,10,20,136,12
60,10,3/20/2017,10,20,136,13
60,10,3/6/2017,10,20,136,24
60,10,3/8/2017,10,20,137,10
60,10,2/12/2017,10,20,137,11
60,10,2/6/2017,10,20,137,12
60,10,3/21/2017,10,20,137,13
60,10,3/6/2017,10,20,137,24
60,10,3/9/2017,10,20,138,10
60,10,2/11/2017,10,20,138,11
60,10,2/6/2017,10,20,138,12
60,10,3/22/2017,10,20,138,13
60,10,3/7/2017,10,20,138,24
60,10,3/12/2017,10,20,139,10
60,10,2/11/2017,10,20,139,11
60,10,2/3/2017,10,20,139,12
60,10,3/20/2017,10,20,139,13
60,10,3/4/2017,10,20,139,24
60,10,3/11/2017,10,20,140,10
60,10,2/10/2017,10,20,140,11
60,10,2/5/2017,10,20,140,12
60,10,3/20/2017,10,20,140,13
60,10,3/4/2017,10,20,140,24
60,10,3/10/2017,10,20,141,10
60,10,2/13/2017,10,20,141,11
60,10,2/4/2017,10,20,141,12
60,10,3/23/2017,10,20,141,13
60,10,3/6/2017,10,20,141,24
60,10,3/8/2017,10,20,142,10
60,10,2/10/2017,10,20,142,11
60,10,2/4/2017,10,20,142,12
60,10,3/20/2017,10,20,142,13
60,10,3/3/2017,10,20,142,24
60,10,3/12/2017,10,20,143,10
60,10,2/13/2017,10,20,143,11
60,10,2/5/2017,10,20,143,12
60,10,3/22/2017,10,20,143,13
60,10,3/4/2017,10,20,143,24
60,10,3/8/2017,10,20,144,10
60,10,2/11/2017,10,20,144,11
60,10,2/7/2017,10,20,144,12
60,10,3/22/2017,10,20,144,13
60,10,3/3/2017,10,20,144,24
60,10,3/8/2017,10,20,145,10
60,10,2/12/2017,10,20,145,11
60,10,2/4/2017,10,20,145,12
60,10,3/19/2017,10,20,145,13
60,10,3/3/2017,10,20,145,24
60,10,3/8/2017,10,20,146,10
60,10,2/14/2017,10,20,146,11
60,10,2/5/2017,10,20,146,12
60,10,3/21/2017,10,20,146,13
60,10,3/6/2017,10,20,146,24
60,10,3/8/2017,10,20,147,10
60,10,2/10/2017,10,20,147,11
60,10,2/5/2017,10,20,147,12
60,10,3/21/2017,10,20,147,13
60,10,3/6/2017,10,20,147,24
60,10,3/12/2017,10,20,148,10
60,10,2/14/2017,10,20,148,11
60,10,2/3/2017,10,20,148,12
60,10,3/21/2017,10,20,148,13
60,10,3/3/2017,10,20,148,24
60,10,3/11/2017,10,20,149,10
60,10,2/13/2017,10,20,149,11
60,10,2/6/2017,10,20,149,12
60,10,3/23/2017,10,20,149,13
60,10,3/3/2017,10,20,149,24
60,10,3/11/2017,10,20,150,10
60,10,2/12/2017,10,20,150,11
60,10,2/4/2017,10,20,150,12
60,10,3/21/2017,10,20,150,13
60,10,3/6/2017,10,20,150,24
60,10,5/31/2017,10,20,231,10
60,10,6/19/2017,10,20,231,11
60,10,7/4/2017,10,20,231,12
60,10,5/27/2017,10,20,231,13
60,10,6/10/2017,10,20,231,24
60,10,5/30/2017,10,20,232,10
60,10,6/23/2017,10,20,232,11
60,10,7/5/2017,10,20,232,12
60,10,5/24/2017,10,20,232,13
60,10,6/11/2017,10,20,232,24
60,10,5/30/2017,10,20,233,10
60,10,6/19/2017,10,20,233,11
60,10,7/6/2017,10,20,233,12
60,10,5/28/2017,10,20,233,13
60,10,6/11/2017,10,20,233,24
60,10,5/31/2017,10,20,234,10
60,10,6/22/2017,10,20,234,11
60,10,7/7/2017,10,20,234,12
60,10,5/24/2017,10,20,234,13
60,10,6/11/2017,10,20,234,24
60,10,6/3/2017,10,20,235,10
60,10,6/20/2017,10,20,235,11
60,10,7/4/2017,10,20,235,12
60,10,5/26/2017,10,20,235,13
60,10,6/9/2017,10,20,235,24
60,10,6/3/2017,10,20,236,10
60,10,6/23/2017,10,20,236,11
60,10,7/5/2017,10,20,236,12
60,10,5/27/2017,10,20,236,13
60,10,6/11/2017,10,20,236,24
60,10,5/30/2017,10,20,237,10
60,10,6/23/2017,10,20,237,11
60,10,7/4/2017,10,20,237,12
60,10,5/27/2017,10,20,237,13
60,10,6/9/2017,10,20,237,24
60,10,6/1/2017,10,20,238,10
60,10,6/20/2017,10,20,238,11
60,10,7/3/2017,10,20,238,12
60,10,5/24/2017,10,20,238,13
60,10,6/10/2017,10,20,238,24
60,10,6/2/2017,10,20,239,10
60,10,6/22/2017,10,20,239,11
60,10,7/5/2017,10,20,239,12
60,10,5/26/2017,10,20,239,13
60,10,6/12/2017,10,20,239,24
60,10,6/3/2017,10,20,240,10
60,10,6/20/2017,10,20,240,11
60,10,7/7/2017,10,20,240,12
60,10,5/24/2017,10,20,240,13
60,10,6/13/2017,10,20,240,24
60,10,5/30/2017,10,20,241,10
60,10,6/20/2017,10,20,241,11
60,10,7/6/2017,10,20,241,12
60,10,5/27/2017,10,20,241,13
60,10,6/12/2017,10,20,241,24
60,10,6/3/2017,10,20,242,10
60,10,6/19/2017,10,20,242,11
60,10,7/7/2017,10,20,242,12
60,10,5/28/2017,10,20,242,13
60,10,6/11/2017,10,20,242,24
60,10,5/31/2017,10,20,243,10
60,10,6/21/2017,10,20,243,11
60,10,7/5/2017,10,20,243,12
60,10,5/26/2017,10,20,243,13
60,10,6/9/2017,10,20,243,24
60,10,5/30/2017,10,20,244,10
60,10,6/19/2017,10,20,244,11
60,10,7/3/2017,10,20,244,12
60,10,5/27/2017,10,20,244,13
60,10,6/9/2017,10,20,244,24
60,10,6/1/2017,10,20,245,10
60,10,6/23/2017,10,20,245,11
60,10,7/7/2017,10,20,245,12
60,10,5/26/2017,10,20,245,13
60,10,6/10/2017,10,20,245,24
60,10,6/2/2017,10,20,246,10
60,10,6/23/2017,10,20,246,11
60,10,7/6/2017,10,20,246,12
60,10,5/27/2017,10,20,246,13
60,10,6/12/2017,10,20,246,24
60,10,5/31/2017,10,20,247,10
60,10,6/21/2017,10,20,247,11
60,10,7/6/2017,10,20,247,12
60,10,5/24/2017,10,20,247,13
60,10,6/10/2017,10,20,247,24
60,10,5/31/2017,10,20,248,10
60,10,6/21/2017,10,20,248,11
60,10,7/4/2017,10,20,248,12
60,10,5/27/2017,10,20,248,13
60,10,6/9/2017,10,20,248,24
60,10,5/30/2017,10,20,249,10
60,10,6/22/2017,10,20,249,11
60,10,7/6/2017,10,20,249,12
60,10,5/25/2017,10,20,249,13
60,10,6/10/2017,10,20,249,24
60,10,6/2/2017,10,20,250,10
60,10,6/21/2017,10,20,250,11
60,10,7/4/2017,10,20,250,12
60,10,5/24/2017,10,20,250,13
60,10,6/11/2017,10,20,250,24
60,10,12/7/2021,10,20,881,9
60,10,1/31/2022,10,20,881,17
60,10,1/29/2022,10,20,881,25
60,10,12/23/2021,10,20,881,26
60,10,12/15/2021,10,20,881,28
60,10,12/9/2021,10,20,882,9
60,10,1/31/2022,10,20,882,17
60,10,1/28/2022,10,20,882,25
60,10,12/20/2021,10,20,882,26
60,10,12/14/2021,10,20,882,28
60,10,12/7/2021,10,20,883,9
60,10,1/28/2022,10,20,883,17
60,10,1/27/2022,10,20,883,25
60,10,12/20/2021,10,20,883,26
60,10,12/15/2021,10,20,883,28
60,10,12/9/2021,10,20,884,9
60,10,1/28/2022,10,20,884,17
60,10,1/27/2022,10,20,884,25
60,10,12/23/2021,10,20,884,26
60,10,12/17/2021,10,20,884,28
60,10,12/11/2021,10,20,885,9
60,10,1/31/2022,10,20,885,17
60,10,1/26/2022,10,20,885,25
60,10,12/23/2021,10,20,885,26
60,10,12/15/2021,10,20,885,28
60,10,12/10/2021,10,20,886,9
60,10,2/1/2022,10,20,886,17
60,10,1/26/2022,10,20,886,25
60,10,12/19/2021,10,20,886,26
60,10,12/14/2021,10,20,886,28
60,10,12/10/2021,10,20,887,9
60,10,2/1/2022,10,20,887,17
60,10,1/28/2022,10,20,887,25
60,10,12/22/2021,10,20,887,26
60,10,12/14/2021,10,20,887,28
60,10,12/10/2021,10,20,888,9
60,10,1/29/2022,10,20,888,17
60,10,1/28/2022,10,20,888,25
60,10,12/23/2021,10,20,888,26
60,10,12/17/2021,10,20,888,28
60,10,12/9/2021,10,20,889,9
60,10,1/30/2022,10,20,889,17
60,10,1/26/2022,10,20,889,25
60,10,12/19/2021,10,20,889,26
60,10,12/17/2021,10,20,889,28
60,10,12/10/2021,10,20,890,9
60,10,1/31/2022,10,20,890,17
60,10,1/29/2022,10,20,890,25
60,10,12/23/2021,10,20,890,26
60,10,12/17/2021,10,20,890,28
60,10,12/10/2021,10,20,891,9
60,10,1/28/2022,10,20,891,17
60,10,1/25/2022,10,20,891,25
60,10,12/20/2021,10,20,891,26
60,10,12/15/2021,10,20,891,28
60,10,12/7/2021,10,20,892,9
60,10,1/31/2022,10,20,892,17
60,10,1/26/2022,10,20,892,25
60,10,12/21/2021,10,20,892,26
60,10,12/16/2021,10,20,892,28
60,10,12/9/2021,10,20,893,9
60,10,1/30/2022,10,20,893,17
60,10,1/27/2022,10,20,893,25
60,10,12/22/2021,10,20,893,26
60,10,12/16/2021,10,20,893,28
60,10,12/10/2021,10,20,894,9
60,10,1/31/2022,10,20,894,17
60,10,1/26/2022,10,20,894,25
60,10,12/20/2021,10,20,894,26
60,10,12/15/2021,10,20,894,28
60,10,12/11/2021,10,20,895,9
60,10,1/31/2022,10,20,895,17
60,10,1/25/2022,10,20,895,25
60,10,12/21/2021,10,20,895,26
60,10,12/16/2021,10,20,895,28
60,10,9/11/2021,10,20,816,1
60,10,8/19/2021,10,20,816,8
60,10,9/26/2021,10,20,816,11
60,10,8/21/2021,10,20,816,15
60,10,9/27/2021,10,20,816,17
60,10,9/24/2021,10,20,816,18
60,10,8/27/2021,10,20,816,30
60,10,9/11/2021,10,20,817,1
60,10,8/21/2021,10,20,817,8
60,10,9/29/2021,10,20,817,11
60,10,8/24/2021,10,20,817,15
60,10,9/24/2021,10,20,817,17
60,10,9/25/2021,10,20,817,18
60,10,8/28/2021,10,20,817,30
60,10,9/7/2021,10,20,818,1
60,10,8/19/2021,10,20,818,8
60,10,9/26/2021,10,20,818,11
60,10,8/22/2021,10,20,818,15
60,10,9/24/2021,10,20,818,17
60,10,9/23/2021,10,20,818,18
60,10,8/28/2021,10,20,818,30
60,10,9/8/2021,10,20,819,1
60,10,8/18/2021,10,20,819,8
60,10,9/27/2021,10,20,819,11
60,10,8/24/2021,10,20,819,15
60,10,9/28/2021,10,20,819,17
60,10,9/24/2021,10,20,819,18
60,10,8/29/2021,10,20,819,30
60,10,9/10/2021,10,20,820,1
60,10,8/22/2021,10,20,820,8
60,10,9/26/2021,10,20,820,11
60,10,8/20/2021,10,20,820,15
60,10,9/24/2021,10,20,820,17
60,10,9/24/2021,10,20,820,18
60,10,8/26/2021,10,20,820,30
60,10,9/10/2021,10,20,821,1
60,10,8/18/2021,10,20,821,8
60,10,9/28/2021,10,20,821,11
60,10,8/21/2021,10,20,821,15
60,10,9/28/2021,10,20,821,17
60,10,9/24/2021,10,20,821,18
60,10,8/26/2021,10,20,821,30
60,10,9/11/2021,10,20,822,1
60,10,8/18/2021,10,20,822,8
60,10,9/29/2021,10,20,822,11
60,10,8/24/2021,10,20,822,15
60,10,9/27/2021,10,20,822,17
60,10,9/24/2021,10,20,822,18
60,10,8/25/2021,10,20,822,30
60,10,9/8/2021,10,20,823,1
60,10,8/20/2021,10,20,823,8
60,10,9/25/2021,10,20,823,11
60,10,8/24/2021,10,20,823,15
60,10,9/27/2021,10,20,823,17
60,10,9/22/2021,10,20,823,18
60,10,8/27/2021,10,20,823,30
60,10,9/8/2021,10,20,824,1
60,10,8/20/2021,10,20,824,8
60,10,9/26/2021,10,20,824,11
60,10,8/23/2021,10,20,824,15
60,10,9/26/2021,10,20,824,17
60,10,9/22/2021,10,20,824,18
60,10,8/27/2021,10,20,824,30
60,10,9/7/2021,10,20,825,1
60,10,8/18/2021,10,20,825,8
60,10,9/29/2021,10,20,825,11
60,10,8/23/2021,10,20,825,15
60,10,9/25/2021,10,20,825,17
60,10,9/25/2021,10,20,825,18
60,10,8/27/2021,10,20,825,30
60,10,9/8/2021,10,20,826,1
60,10,8/18/2021,10,20,826,8
60,10,9/25/2021,10,20,826,11
60,10,8/24/2021,10,20,826,15
60,10,9/27/2021,10,20,826,17
60,10,9/24/2021,10,20,826,18
60,10,8/25/2021,10,20,826,30
60,10,9/7/2021,10,20,827,1
60,10,8/18/2021,10,20,827,8
60,10,9/26/2021,10,20,827,11
60,10,8/21/2021,10,20,827,15
60,10,9/25/2021,10,20,827,17
60,10,9/22/2021,10,20,827,18
60,10,8/27/2021,10,20,827,30
60,10,9/8/2021,10,20,828,1
60,10,8/22/2021,10,20,828,8
60,10,9/25/2021,10,20,828,11
60,10,8/22/2021,10,20,828,15
60,10,9/25/2021,10,20,828,17
60,10,9/23/2021,10,20,828,18
60,10,8/28/2021,10,20,828,30
60,10,9/8/2021,10,20,829,1
60,10,8/20/2021,10,20,829,8
60,10,9/27/2021,10,20,829,11
60,10,8/24/2021,10,20,829,15
60,10,9/27/2021,10,20,829,17
60,10,9/24/2021,10,20,829,18
60,10,8/28/2021,10,20,829,30
60,10,9/11/2021,10,20,830,1
60,10,8/19/2021,10,20,830,8
60,10,9/28/2021,10,20,830,11
60,10,8/21/2021,10,20,830,15
60,10,9/28/2021,10,20,830,17
60,10,9/23/2021,10,20,830,18
60,10,8/27/2021,10,20,830,30
60,10,2/6/2022,10,20,831,1
60,10,1/15/2022,10,20,831,8
60,10,12/17/2021,10,20,831,11
60,10,12/19/2021,10,20,831,15
60,10,2/4/2022,10,20,831,17
60,10,1/23/2022,10,20,831,18
60,10,12/13/2021,10,20,831,30
60,10,2/6/2022,10,20,832,1
60,10,1/16/2022,10,20,832,8
60,10,12/18/2021,10,20,832,11
60,10,12/20/2021,10,20,832,15
60,10,2/6/2022,10,20,832,17
60,10,1/23/2022,10,20,832,18
60,10,12/15/2021,10,20,832,30
60,10,2/8/2022,10,20,833,1
60,10,1/17/2022,10,20,833,8
60,10,12/16/2021,10,20,833,11
60,10,12/20/2021,10,20,833,15
60,10,2/2/2022,10,20,833,17
60,10,1/20/2022,10,20,833,18
60,10,12/16/2021,10,20,833,30
60,10,2/6/2022,10,20,834,1
60,10,1/18/2022,10,20,834,8
60,10,12/15/2021,10,20,834,11
60,10,12/18/2021,10,20,834,15
60,10,2/2/2022,10,20,834,17
60,10,1/19/2022,10,20,834,18
60,10,12/14/2021,10,20,834,30
60,10,2/7/2022,10,20,835,1
60,10,1/15/2022,10,20,835,8
60,10,12/19/2021,10,20,835,11
60,10,12/17/2021,10,20,835,15
60,10,2/6/2022,10,20,835,17
60,10,1/22/2022,10,20,835,18
60,10,12/16/2021,10,20,835,30
60,10,2/6/2022,10,20,836,1
60,10,1/16/2022,10,20,836,8
60,10,12/17/2021,10,20,836,11
60,10,12/20/2021,10,20,836,15
60,10,2/5/2022,10,20,836,17
60,10,1/20/2022,10,20,836,18
60,10,12/15/2021,10,20,836,30
60,10,2/7/2022,10,20,837,1
60,10,1/17/2022,10,20,837,8
60,10,12/15/2021,10,20,837,11
60,10,12/17/2021,10,20,837,15
60,10,2/4/2022,10,20,837,17
60,10,1/21/2022,10,20,837,18
60,10,12/13/2021,10,20,837,30
60,10,2/7/2022,10,20,838,1
60,10,1/17/2022,10,20,838,8
60,10,12/18/2021,10,20,838,11
60,10,12/18/2021,10,20,838,15
60,10,2/6/2022,10,20,838,17
60,10,1/19/2022,10,20,838,18
60,10,12/13/2021,10,20,838,30
60,10,2/7/2022,10,20,839,1
60,10,1/18/2022,10,20,839,8
60,10,12/19/2021,10,20,839,11
60,10,12/19/2021,10,20,839,15
60,10,2/6/2022,10,20,839,17
60,10,1/19/2022,10,20,839,18
60,10,12/14/2021,10,20,839,30
60,10,2/8/2022,10,20,840,1
60,10,1/19/2022,10,20,840,8
60,10,12/18/2021,10,20,840,11
60,10,12/21/2021,10,20,840,15
60,10,2/6/2022,10,20,840,17
60,10,1/19/2022,10,20,840,18
60,10,12/15/2021,10,20,840,30
60,10,2/8/2022,10,20,841,1
60,10,1/15/2022,10,20,841,8
60,10,12/19/2021,10,20,841,11
60,10,12/18/2021,10,20,841,15
60,10,2/2/2022,10,20,841,17
60,10,1/20/2022,10,20,841,18
60,10,12/13/2021,10,20,841,30
60,10,2/7/2022,10,20,842,1
60,10,1/17/2022,10,20,842,8
60,10,12/18/2021,10,20,842,11
60,10,12/20/2021,10,20,842,15
60,10,2/6/2022,10,20,842,17
60,10,1/23/2022,10,20,842,18
60,10,12/17/2021,10,20,842,30
60,10,2/7/2022,10,20,843,1
60,10,1/17/2022,10,20,843,8
60,10,12/18/2021,10,20,843,11
60,10,12/21/2021,10,20,843,15
60,10,2/4/2022,10,20,843,17
60,10,1/23/2022,10,20,843,18
60,10,12/13/2021,10,20,843,30
60,10,2/8/2022,10,20,844,1
60,10,1/17/2022,10,20,844,8
60,10,12/19/2021,10,20,844,11
60,10,12/20/2021,10,20,844,15
60,10,2/6/2022,10,20,844,17
60,10,1/21/2022,10,20,844,18
60,10,12/15/2021,10,20,844,30
60,10,2/5/2022,10,20,845,1
60,10,1/17/2022,10,20,845,8
60,10,12/15/2021,10,20,845,11
60,10,12/17/2021,10,20,845,15
60,10,2/3/2022,10,20,845,17
60,10,1/22/2022,10,20,845,18
60,10,12/13/2021,10,20,845,30
60,10,12/21/2022,10,20,896,2
60,10,1/19/2023,10,20,896,5
60,10,2/9/2023,10,20,896,6
60,10,1/27/2023,10,20,896,10
60,10,12/21/2022,10,20,897,2
60,10,1/18/2023,10,20,897,5
60,10,2/10/2023,10,20,897,6
60,10,1/25/2023,10,20,897,10
60,10,12/22/2022,10,20,898,2
60,10,1/18/2023,10,20,898,5
60,10,2/10/2023,10,20,898,6
60,10,1/25/2023,10,20,898,10
60,10,12/20/2022,10,20,899,2
60,10,1/19/2023,10,20,899,5
60,10,2/7/2023,10,20,899,6
60,10,1/26/2023,10,20,899,10
60,10,12/19/2022,10,20,900,2
60,10,1/21/2023,10,20,900,5
60,10,2/7/2023,10,20,900,6
60,10,1/25/2023,10,20,900,10
60,10,12/21/2022,10,20,901,2
60,10,1/19/2023,10,20,901,5
60,10,2/11/2023,10,20,901,6
60,10,1/23/2023,10,20,901,10
60,10,12/22/2022,10,20,902,2
60,10,1/19/2023,10,20,902,5
60,10,2/9/2023,10,20,902,6
60,10,1/24/2023,10,20,902,10
60,10,12/20/2022,10,20,903,2
60,10,1/20/2023,10,20,903,5
60,10,2/11/2023,10,20,903,6
60,10,1/26/2023,10,20,903,10
60,10,12/21/2022,10,20,904,2
60,10,1/21/2023,10,20,904,5
60,10,2/7/2023,10,20,904,6
60,10,1/27/2023,10,20,904,10
60,10,12/19/2022,10,20,905,2
60,10,1/22/2023,10,20,905,5
60,10,2/7/2023,10,20,905,6
60,10,1/25/2023,10,20,905,10
60,10,12/20/2022,10,20,906,2
60,10,1/21/2023,10,20,906,5
60,10,2/7/2023,10,20,906,6
60,10,1/25/2023,10,20,906,10
60,10,12/20/2022,10,20,907,2
60,10,1/20/2023,10,20,907,5
60,10,2/10/2023,10,20,907,6
60,10,1/24/2023,10,20,907,10
60,10,12/21/2022,10,20,908,2
60,10,1/20/2023,10,20,908,5
60,10,2/9/2023,10,20,908,6
60,10,1/25/2023,10,20,908,10
60,10,12/20/2022,10,20,909,2
60,10,1/22/2023,10,20,909,5
60,10,2/11/2023,10,20,909,6
60,10,1/23/2023,10,20,909,10
60,10,12/18/2022,10,20,910,2
60,10,1/22/2023,10,20,910,5
60,10,2/7/2023,10,20,910,6
60,10,1/23/2023,10,20,910,10
60,10,7/10/2021,10,20,801,3
60,10,8/12/2021,10,20,801,6
60,10,7/23/2021,10,20,801,8
60,10,10/13/2021,10,20,801,12
60,10,10/3/2021,10,20,801,15
60,10,8/27/2021,10,20,801,17
60,10,7/27/2021,10,20,801,19
60,10,10/10/2021,10,20,801,20
60,10,7/29/2021,10,20,801,30
60,10,7/10/2021,10,20,802,3
60,10,8/13/2021,10,20,802,6
60,10,7/25/2021,10,20,802,8
60,10,10/10/2021,10,20,802,12
60,10,10/2/2021,10,20,802,15
60,10,8/30/2021,10,20,802,17
60,10,7/28/2021,10,20,802,19
60,10,10/10/2021,10,20,802,20
60,10,7/31/2021,10,20,802,30
60,10,7/9/2021,10,20,803,3
60,10,8/11/2021,10,20,803,6
60,10,7/23/2021,10,20,803,8
60,10,10/10/2021,10,20,803,12
60,10,10/1/2021,10,20,803,15
60,10,8/28/2021,10,20,803,17
60,10,7/29/2021,10,20,803,19
60,10,10/13/2021,10,20,803,20
60,10,7/28/2021,10,20,803,30
60,10,7/10/2021,10,20,804,3
60,10,8/15/2021,10,20,804,6
60,10,7/25/2021,10,20,804,8
60,10,10/13/2021,10,20,804,12
60,10,10/4/2021,10,20,804,15
60,10,8/27/2021,10,20,804,17
60,10,7/29/2021,10,20,804,19
60,10,10/14/2021,10,20,804,20
60,10,8/1/2021,10,20,804,30
60,10,7/9/2021,10,20,805,3
60,10,8/13/2021,10,20,805,6
60,10,7/26/2021,10,20,805,8
60,10,10/11/2021,10,20,805,12
60,10,10/4/2021,10,20,805,15
60,10,8/28/2021,10,20,805,17
60,10,7/28/2021,10,20,805,19
60,10,10/11/2021,10,20,805,20
60,10,7/30/2021,10,20,805,30
60,10,7/9/2021,10,20,806,3
60,10,8/13/2021,10,20,806,6
60,10,7/26/2021,10,20,806,8
60,10,10/12/2021,10,20,806,12
60,10,9/30/2021,10,20,806,15
60,10,8/27/2021,10,20,806,17
60,10,7/28/2021,10,20,806,19
60,10,10/12/2021,10,20,806,20
60,10,8/1/2021,10,20,806,30
60,10,7/9/2021,10,20,807,3
60,10,8/15/2021,10,20,807,6
60,10,7/27/2021,10,20,807,8
60,10,10/10/2021,10,20,807,12
60,10,10/4/2021,10,20,807,15
60,10,8/28/2021,10,20,807,17
60,10,7/26/2021,10,20,807,19
60,10,10/10/2021,10,20,807,20
60,10,7/31/2021,10,20,807,30
60,10,7/13/2021,10,20,808,3
60,10,8/13/2021,10,20,808,6
60,10,7/25/2021,10,20,808,8
60,10,10/12/2021,10,20,808,12
60,10,10/4/2021,10,20,808,15
60,10,8/28/2021,10,20,808,17
60,10,7/29/2021,10,20,808,19
60,10,10/13/2021,10,20,808,20
60,10,7/31/2021,10,20,808,30
60,10,7/10/2021,10,20,809,3
60,10,8/11/2021,10,20,809,6
60,10,7/23/2021,10,20,809,8
60,10,10/12/2021,10,20,809,12
60,10,9/30/2021,10,20,809,15
60,10,8/27/2021,10,20,809,17
60,10,7/26/2021,10,20,809,19
60,10,10/14/2021,10,20,809,20
60,10,7/31/2021,10,20,809,30
60,10,7/11/2021,10,20,810,3
60,10,8/13/2021,10,20,810,6
60,10,7/26/2021,10,20,810,8
60,10,10/11/2021,10,20,810,12
60,10,9/30/2021,10,20,810,15
60,10,8/30/2021,10,20,810,17
60,10,7/26/2021,10,20,810,19
60,10,10/12/2021,10,20,810,20
60,10,7/28/2021,10,20,810,30
60,10,7/12/2021,10,20,811,3
60,10,8/11/2021,10,20,811,6
60,10,7/24/2021,10,20,811,8
60,10,10/10/2021,10,20,811,12
60,10,10/1/2021,10,20,811,15
60,10,8/27/2021,10,20,811,17
60,10,7/28/2021,10,20,811,19
60,10,10/12/2021,10,20,811,20
60,10,7/28/2021,10,20,811,30
60,10,7/13/2021,10,20,812,3
60,10,8/11/2021,10,20,812,6
60,10,7/23/2021,10,20,812,8
60,10,10/9/2021,10,20,812,12
60,10,10/3/2021,10,20,812,15
60,10,8/26/2021,10,20,812,17
60,10,7/27/2021,10,20,812,19
60,10,10/12/2021,10,20,812,20
60,10,7/31/2021,10,20,812,30
60,10,7/11/2021,10,20,813,3
60,10,8/11/2021,10,20,813,6
60,10,7/24/2021,10,20,813,8
60,10,10/11/2021,10,20,813,12
60,10,9/30/2021,10,20,813,15
60,10,8/28/2021,10,20,813,17
60,10,7/26/2021,10,20,813,19
60,10,10/12/2021,10,20,813,20
60,10,7/28/2021,10,20,813,30
60,10,7/12/2021,10,20,814,3
60,10,8/12/2021,10,20,814,6
60,10,7/27/2021,10,20,814,8
60,10,10/10/2021,10,20,814,12
60,10,10/1/2021,10,20,814,15
60,10,8/26/2021,10,20,814,17
60,10,7/27/2021,10,20,814,19
60,10,10/11/2021,10,20,814,20
60,10,7/30/2021,10,20,814,30
60,10,7/13/2021,10,20,815,3
60,10,8/12/2021,10,20,815,6
60,10,7/26/2021,10,20,815,8
60,10,10/11/2021,10,20,815,12
60,10,10/1/2021,10,20,815,15
60,10,8/27/2021,10,20,815,17
60,10,7/26/2021,10,20,815,19
60,10,10/10/2021,10,20,815,20
60,10,7/29/2021,10,20,815,30
60,10,12/13/2022,10,20,911,1
60,10,1/10/2023,10,20,911,6
60,10,1/11/2023,10,20,911,9
60,10,12/6/2022,10,20,911,12
60,10,2/1/2023,10,20,911,14
60,10,11/23/2022,10,20,911,15
60,10,1/30/2023,10,20,911,17
60,10,1/26/2023,10,20,911,21
60,10,12/7/2022,10,20,911,22
60,10,11/6/2022,10,20,911,23
60,10,1/14/2023,10,20,911,26
60,10,12/12/2022,10,20,912,1
60,10,1/12/2023,10,20,912,6
60,10,1/12/2023,10,20,912,9
60,10,12/7/2022,10,20,912,12
60,10,2/2/2023,10,20,912,14
60,10,11/20/2022,10,20,912,15
60,10,1/31/2023,10,20,912,17
60,10,1/24/2023,10,20,912,21
60,10,12/10/2022,10,20,912,22
60,10,11/7/2022,10,20,912,23
60,10,1/16/2023,10,20,912,26
60,10,12/11/2022,10,20,913,1
60,10,1/8/2023,10,20,913,6
60,10,1/12/2023,10,20,913,9
60,10,12/4/2022,10,20,913,12
60,10,2/1/2023,10,20,913,14
60,10,11/23/2022,10,20,913,15
60,10,1/30/2023,10,20,913,17
60,10,1/24/2023,10,20,913,21
60,10,12/8/2022,10,20,913,22
60,10,11/6/2022,10,20,913,23
60,10,1/16/2023,10,20,913,26
60,10,12/13/2022,10,20,914,1
60,10,1/10/2023,10,20,914,6
60,10,1/13/2023,10,20,914,9
60,10,12/5/2022,10,20,914,12
60,10,2/3/2023,10,20,914,14
60,10,11/21/2022,10,20,914,15
60,10,1/30/2023,10,20,914,17
60,10,1/28/2023,10,20,914,21
60,10,12/8/2022,10,20,914,22
60,10,11/7/2022,10,20,914,23
60,10,1/16/2023,10,20,914,26
60,10,12/10/2022,10,20,915,1
60,10,1/9/2023,10,20,915,6
60,10,1/14/2023,10,20,915,9
60,10,12/3/2022,10,20,915,12
60,10,2/5/2023,10,20,915,14
60,10,11/22/2022,10,20,915,15
60,10,2/1/2023,10,20,915,17
60,10,1/27/2023,10,20,915,21
60,10,12/9/2022,10,20,915,22
60,10,11/6/2022,10,20,915,23
60,10,1/15/2023,10,20,915,26
60,10,12/13/2022,10,20,916,1
60,10,1/9/2023,10,20,916,6
60,10,1/15/2023,10,20,916,9
60,10,12/4/2022,10,20,916,12
60,10,2/2/2023,10,20,916,14
60,10,11/22/2022,10,20,916,15
60,10,1/30/2023,10,20,916,17
60,10,1/24/2023,10,20,916,21
60,10,12/10/2022,10,20,916,22
60,10,11/9/2022,10,20,916,23
60,10,1/17/2023,10,20,916,26
60,10,12/12/2022,10,20,917,1
60,10,1/12/2023,10,20,917,6
60,10,1/15/2023,10,20,917,9
60,10,12/4/2022,10,20,917,12
60,10,2/2/2023,10,20,917,14
60,10,11/22/2022,10,20,917,15
60,10,1/30/2023,10,20,917,17
60,10,1/25/2023,10,20,917,21
60,10,12/8/2022,10,20,917,22
60,10,11/7/2022,10,20,917,23
60,10,1/18/2023,10,20,917,26
60,10,12/12/2022,10,20,918,1
60,10,1/10/2023,10,20,918,6
60,10,1/11/2023,10,20,918,9
60,10,12/7/2022,10,20,918,12
60,10,2/2/2023,10,20,918,14
60,10,11/20/2022,10,20,918,15
60,10,1/31/2023,10,20,918,17
60,10,1/25/2023,10,20,918,21
60,10,12/9/2022,10,20,918,22
60,10,11/8/2022,10,20,918,23
60,10,1/17/2023,10,20,918,26
60,10,12/14/2022,10,20,919,1
60,10,1/9/2023,10,20,919,6
60,10,1/15/2023,10,20,919,9
60,10,12/7/2022,10,20,919,12
60,10,2/2/2023,10,20,919,14
60,10,11/23/2022,10,20,919,15
60,10,1/29/2023,10,20,919,17
60,10,1/27/2023,10,20,919,21
60,10,12/10/2022,10,20,919,22
60,10,11/9/2022,10,20,919,23
60,10,1/14/2023,10,20,919,26
60,10,12/10/2022,10,20,920,1
60,10,1/10/2023,10,20,920,6
60,10,1/12/2023,10,20,920,9
60,10,12/4/2022,10,20,920,12
60,10,2/3/2023,10,20,920,14
60,10,11/19/2022,10,20,920,15
60,10,2/1/2023,10,20,920,17
60,10,1/27/2023,10,20,920,21
60,10,12/8/2022,10,20,920,22
60,10,11/9/2022,10,20,920,23
60,10,1/14/2023,10,20,920,26
60,10,12/12/2022,10,20,921,1
60,10,1/12/2023,10,20,921,6
60,10,1/12/2023,10,20,921,9
60,10,12/6/2022,10,20,921,12
60,10,2/4/2023,10,20,921,14
60,10,11/21/2022,10,20,921,15
60,10,1/29/2023,10,20,921,17
60,10,1/25/2023,10,20,921,21
60,10,12/9/2022,10,20,921,22
60,10,11/9/2022,10,20,921,23
60,10,1/17/2023,10,20,921,26
60,10,12/14/2022,10,20,922,1
60,10,1/9/2023,10,20,922,6
60,10,1/14/2023,10,20,922,9
60,10,12/7/2022,10,20,922,12
60,10,2/3/2023,10,20,922,14
60,10,11/20/2022,10,20,922,15
60,10,2/2/2023,10,20,922,17
60,10,1/26/2023,10,20,922,21
60,10,12/10/2022,10,20,922,22
60,10,11/7/2022,10,20,922,23
60,10,1/17/2023,10,20,922,26
60,10,12/11/2022,10,20,923,1
60,10,1/10/2023,10,20,923,6
60,10,1/14/2023,10,20,923,9
60,10,12/3/2022,10,20,923,12
60,10,2/2/2023,10,20,923,14
60,10,11/19/2022,10,20,923,15
60,10,1/31/2023,10,20,923,17
60,10,1/24/2023,10,20,923,21
60,10,12/10/2022,10,20,923,22
60,10,11/9/2022,10,20,923,23
60,10,1/18/2023,10,20,923,26
60,10,12/12/2022,10,20,924,1
60,10,1/12/2023,10,20,924,6
60,10,1/14/2023,10,20,924,9
60,10,12/7/2022,10,20,924,12
60,10,2/4/2023,10,20,924,14
60,10,11/22/2022,10,20,924,15
60,10,1/29/2023,10,20,924,17
60,10,1/28/2023,10,20,924,21
60,10,12/6/2022,10,20,924,22
60,10,11/10/2022,10,20,924,23
60,10,1/15/2023,10,20,924,26
60,10,12/12/2022,10,20,925,1
60,10,1/12/2023,10,20,925,6
60,10,1/15/2023,10,20,925,9
60,10,12/6/2022,10,20,925,12
60,10,2/2/2023,10,20,925,14
60,10,11/20/2022,10,20,925,15
60,10,2/2/2023,10,20,925,17
60,10,1/25/2023,10,20,925,21
60,10,12/10/2022,10,20,925,22
60,10,11/8/2022,10,20,925,23
60,10,1/15/2023,10,20,925,26
60,10,1/9/2020,10,20,391,1
60,10,12/5/2019,10,20,391,16
60,10,2/1/2020,10,20,391,21
60,10,1/11/2020,10,20,392,1
60,10,12/2/2019,10,20,392,16
60,10,1/30/2020,10,20,392,21
60,10,1/7/2020,10,20,393,1
60,10,12/5/2019,10,20,393,16
60,10,1/31/2020,10,20,393,21
60,10,1/9/2020,10,20,394,1
60,10,12/5/2019,10,20,394,16
60,10,2/1/2020,10,20,394,21
60,10,1/11/2020,10,20,395,1
60,10,12/3/2019,10,20,395,16
60,10,1/31/2020,10,20,395,21
60,10,1/11/2020,10,20,396,1
60,10,12/2/2019,10,20,396,16
60,10,1/30/2020,10,20,396,21
60,10,1/7/2020,10,20,397,1
60,10,12/6/2019,10,20,397,16
60,10,2/1/2020,10,20,397,21
60,10,1/8/2020,10,20,398,1
60,10,12/6/2019,10,20,398,16
60,10,1/30/2020,10,20,398,21
60,10,1/7/2020,10,20,399,1
60,10,12/6/2019,10,20,399,16
60,10,2/1/2020,10,20,399,21
60,10,1/9/2020,10,20,400,1
60,10,12/2/2019,10,20,400,16
60,10,1/28/2020,10,20,400,21
60,10,1/9/2020,10,20,401,1
60,10,12/3/2019,10,20,401,16
60,10,1/29/2020,10,20,401,21
60,10,1/11/2020,10,20,402,1
60,10,12/4/2019,10,20,402,16
60,10,1/31/2020,10,20,402,21
60,10,1/11/2020,10,20,403,1
60,10,12/3/2019,10,20,403,16
60,10,1/30/2020,10,20,403,21
60,10,1/7/2020,10,20,404,1
60,10,12/3/2019,10,20,404,16
60,10,2/1/2020,10,20,404,21
60,10,1/7/2020,10,20,405,1
60,10,12/6/2019,10,20,405,16
60,10,1/28/2020,10,20,405,21
60,10,5/30/2020,10,20,406,1
60,10,3/19/2020,10,20,406,16
60,10,5/28/2020,10,20,406,21
60,10,5/30/2020,10,20,407,1
60,10,3/17/2020,10,20,407,16
60,10,5/28/2020,10,20,407,21
60,10,5/29/2020,10,20,408,1
60,10,3/19/2020,10,20,408,16
60,10,5/29/2020,10,20,408,21
60,10,5/29/2020,10,20,409,1
60,10,3/21/2020,10,20,409,16
60,10,5/28/2020,10,20,409,21
60,10,5/26/2020,10,20,410,1
60,10,3/17/2020,10,20,410,16
60,10,5/29/2020,10,20,410,21
60,10,5/30/2020,10,20,411,1
60,10,3/18/2020,10,20,411,16
60,10,5/30/2020,10,20,411,21
60,10,5/29/2020,10,20,412,1
60,10,3/19/2020,10,20,412,16
60,10,5/27/2020,10,20,412,21
60,10,5/26/2020,10,20,413,1
60,10,3/18/2020,10,20,413,16
60,10,5/31/2020,10,20,413,21
60,10,5/26/2020,10,20,414,1
60,10,3/18/2020,10,20,414,16
60,10,5/29/2020,10,20,414,21
60,10,5/26/2020,10,20,415,1
60,10,3/18/2020,10,20,415,16
60,10,5/30/2020,10,20,415,21
60,10,5/28/2020,10,20,416,1
60,10,3/19/2020,10,20,416,16
60,10,5/30/2020,10,20,416,21
60,10,5/26/2020,10,20,417,1
60,10,3/20/2020,10,20,417,16
60,10,5/29/2020,10,20,417,21
60,10,5/28/2020,10,20,418,1
60,10,3/17/2020,10,20,418,16
60,10,5/31/2020,10,20,418,21
60,10,5/30/2020,10,20,419,1
60,10,3/20/2020,10,20,419,16
60,10,5/28/2020,10,20,419,21
60,10,5/28/2020,10,20,420,1
60,10,3/21/2020,10,20,420,16
60,10,5/28/2020,10,20,420,21
60,10,7/8/2020,10,20,421,1
60,10,8/28/2020,10,20,421,16
60,10,8/30/2020,10,20,421,21
60,10,7/7/2020,10,20,422,1
60,10,8/27/2020,10,20,422,16
60,10,8/30/2020,10,20,422,21
60,10,7/7/2020,10,20,423,1
60,10,8/29/2020,10,20,423,16
60,10,8/29/2020,10,20,423,21
60,10,7/9/2020,10,20,424,1
60,10,8/30/2020,10,20,424,16
60,10,8/30/2020,10,20,424,21
60,10,7/7/2020,10,20,425,1
60,10,8/30/2020,10,20,425,16
60,10,9/1/2020,10,20,425,21
60,10,7/10/2020,10,20,426,1
60,10,8/30/2020,10,20,426,16
60,10,8/31/2020,10,20,426,21
60,10,7/10/2020,10,20,427,1
60,10,8/30/2020,10,20,427,16
60,10,8/30/2020,10,20,427,21
60,10,7/8/2020,10,20,428,1
60,10,8/29/2020,10,20,428,16
60,10,8/30/2020,10,20,428,21
60,10,7/8/2020,10,20,429,1
60,10,8/26/2020,10,20,429,16
60,10,8/30/2020,10,20,429,21
60,10,7/8/2020,10,20,430,1
60,10,8/26/2020,10,20,430,16
60,10,8/31/2020,10,20,430,21
60,10,7/9/2020,10,20,431,1
60,10,8/26/2020,10,20,431,16
60,10,8/30/2020,10,20,431,21
60,10,7/9/2020,10,20,432,1
60,10,8/27/2020,10,20,432,16
60,10,8/30/2020,10,20,432,21
60,10,7/10/2020,10,20,433,1
60,10,8/28/2020,10,20,433,16
60,10,8/30/2020,10,20,433,21
60,10,7/6/2020,10,20,434,1
60,10,8/28/2020,10,20,434,16
60,10,9/1/2020,10,20,434,21
60,10,7/9/2020,10,20,435,1
60,10,8/29/2020,10,20,435,16
60,10,8/29/2020,10,20,435,21
60,10,1/6/2021,10,20,436,1
60,10,2/14/2021,10,20,436,16
60,10,12/21/2020,10,20,436,21
60,10,1/3/2021,10,20,437,1
60,10,2/15/2021,10,20,437,16
60,10,12/24/2020,10,20,437,21
60,10,1/4/2021,10,20,438,1
60,10,2/12/2021,10,20,438,16
60,10,12/22/2020,10,20,438,21
60,10,1/5/2021,10,20,439,1
60,10,2/15/2021,10,20,439,16
60,10,12/24/2020,10,20,439,21
60,10,1/6/2021,10,20,440,1
60,10,2/14/2021,10,20,440,16
60,10,12/22/2020,10,20,440,21
60,10,1/5/2021,10,20,441,1
60,10,2/12/2021,10,20,441,16
60,10,12/25/2020,10,20,441,21
60,10,1/4/2021,10,20,442,1
60,10,2/13/2021,10,20,442,16
60,10,12/23/2020,10,20,442,21
60,10,1/3/2021,10,20,443,1
60,10,2/13/2021,10,20,443,16
60,10,12/24/2020,10,20,443,21
60,10,1/3/2021,10,20,444,1
60,10,2/12/2021,10,20,444,16
60,10,12/25/2020,10,20,444,21
60,10,1/5/2021,10,20,445,1
60,10,2/16/2021,10,20,445,16
60,10,12/24/2020,10,20,445,21
60,10,1/6/2021,10,20,446,1
60,10,2/15/2021,10,20,446,16
60,10,12/21/2020,10,20,446,21
60,10,1/6/2021,10,20,447,1
60,10,2/16/2021,10,20,447,16
60,10,12/22/2020,10,20,447,21
60,10,1/3/2021,10,20,448,1
60,10,2/15/2021,10,20,448,16
60,10,12/23/2020,10,20,448,21
60,10,1/5/2021,10,20,449,1
60,10,2/13/2021,10,20,449,16
60,10,12/22/2020,10,20,449,21
60,10,1/3/2021,10,20,450,1
60,10,2/16/2021,10,20,450,16
60,10,12/22/2020,10,20,450,21
60,10,4/16/2021,10,20,781,3
60,10,6/9/2021,10,20,781,6
60,10,5/11/2021,10,20,781,8
60,10,4/2/2021,10,20,781,12
60,10,4/22/2021,10,20,781,15
60,10,4/13/2021,10,20,781,17
60,10,5/8/2021,10,20,781,19
60,10,3/30/2021,10,20,781,20
60,10,6/9/2021,10,20,781,30
60,10,4/19/2021,10,20,782,3
60,10,6/8/2021,10,20,782,6
60,10,5/13/2021,10,20,782,8
60,10,4/1/2021,10,20,782,12
60,10,4/22/2021,10,20,782,15
60,10,4/15/2021,10,20,782,17
60,10,5/8/2021,10,20,782,19
60,10,3/26/2021,10,20,782,20
60,10,6/9/2021,10,20,782,30
60,10,4/17/2021,10,20,783,3
60,10,6/10/2021,10,20,783,6
60,10,5/10/2021,10,20,783,8
60,10,3/31/2021,10,20,783,12
60,10,4/24/2021,10,20,783,15
60,10,4/14/2021,10,20,783,17
60,10,5/9/2021,10,20,783,19
60,10,3/28/2021,10,20,783,20
60,10,6/9/2021,10,20,783,30
60,10,4/19/2021,10,20,784,3
60,10,6/12/2021,10,20,784,6
60,10,5/13/2021,10,20,784,8
60,10,3/29/2021,10,20,784,12
60,10,4/23/2021,10,20,784,15
60,10,4/14/2021,10,20,784,17
60,10,5/8/2021,10,20,784,19
60,10,3/27/2021,10,20,784,20
60,10,6/8/2021,10,20,784,30
60,10,4/18/2021,10,20,785,3
60,10,6/12/2021,10,20,785,6
60,10,5/11/2021,10,20,785,8
60,10,3/30/2021,10,20,785,12
60,10,4/25/2021,10,20,785,15
60,10,4/12/2021,10,20,785,17
60,10,5/7/2021,10,20,785,19
60,10,3/27/2021,10,20,785,20
60,10,6/8/2021,10,20,785,30
60,10,4/19/2021,10,20,786,3
60,10,6/12/2021,10,20,786,6
60,10,5/11/2021,10,20,786,8
60,10,3/30/2021,10,20,786,12
60,10,4/25/2021,10,20,786,15
60,10,4/16/2021,10,20,786,17
60,10,5/6/2021,10,20,786,19
60,10,3/29/2021,10,20,786,20
60,10,6/8/2021,10,20,786,30
60,10,4/17/2021,10,20,787,3
60,10,6/12/2021,10,20,787,6
60,10,5/11/2021,10,20,787,8
60,10,3/30/2021,10,20,787,12
60,10,4/23/2021,10,20,787,15
60,10,4/16/2021,10,20,787,17
60,10,5/7/2021,10,20,787,19
60,10,3/27/2021,10,20,787,20
60,10,6/9/2021,10,20,787,30
60,10,4/15/2021,10,20,788,3
60,10,6/9/2021,10,20,788,6
60,10,5/10/2021,10,20,788,8
60,10,3/30/2021,10,20,788,12
60,10,4/25/2021,10,20,788,15
60,10,4/14/2021,10,20,788,17
60,10,5/6/2021,10,20,788,19
60,10,3/30/2021,10,20,788,20
60,10,6/10/2021,10,20,788,30
60,10,4/17/2021,10,20,789,3
60,10,6/11/2021,10,20,789,6
60,10,5/14/2021,10,20,789,8
60,10,4/2/2021,10,20,789,12
60,10,4/25/2021,10,20,789,15
60,10,4/12/2021,10,20,789,17
60,10,5/6/2021,10,20,789,19
60,10,3/29/2021,10,20,789,20
60,10,6/6/2021,10,20,789,30
60,10,4/16/2021,10,20,790,3
60,10,6/9/2021,10,20,790,6
60,10,5/14/2021,10,20,790,8
60,10,3/31/2021,10,20,790,12
60,10,4/23/2021,10,20,790,15
60,10,4/12/2021,10,20,790,17
60,10,5/7/2021,10,20,790,19
60,10,3/29/2021,10,20,790,20
60,10,6/10/2021,10,20,790,30
60,10,4/15/2021,10,20,791,3
60,10,6/12/2021,10,20,791,6
60,10,5/12/2021,10,20,791,8
60,10,3/31/2021,10,20,791,12
60,10,4/23/2021,10,20,791,15
60,10,4/15/2021,10,20,791,17
60,10,5/6/2021,10,20,791,19
60,10,3/27/2021,10,20,791,20
60,10,6/6/2021,10,20,791,30
60,10,4/15/2021,10,20,792,3
60,10,6/9/2021,10,20,792,6
60,10,5/10/2021,10,20,792,8
60,10,4/1/2021,10,20,792,12
60,10,4/21/2021,10,20,792,15
60,10,4/13/2021,10,20,792,17
60,10,5/9/2021,10,20,792,19
60,10,3/27/2021,10,20,792,20
60,10,6/7/2021,10,20,792,30
60,10,4/19/2021,10,20,793,3
60,10,6/8/2021,10,20,793,6
60,10,5/10/2021,10,20,793,8
60,10,3/30/2021,10,20,793,12
60,10,4/23/2021,10,20,793,15
60,10,4/15/2021,10,20,793,17
60,10,5/7/2021,10,20,793,19
60,10,3/27/2021,10,20,793,20
60,10,6/8/2021,10,20,793,30
60,10,4/17/2021,10,20,794,3
60,10,6/9/2021,10,20,794,6
60,10,5/14/2021,10,20,794,8
60,10,3/30/2021,10,20,794,12
60,10,4/24/2021,10,20,794,15
60,10,4/14/2021,10,20,794,17
60,10,5/5/2021,10,20,794,19
60,10,3/28/2021,10,20,794,20
60,10,6/9/2021,10,20,794,30
60,10,4/17/2021,10,20,795,3
60,10,6/9/2021,10,20,795,6
60,10,5/11/2021,10,20,795,8
60,10,3/31/2021,10,20,795,12
60,10,4/21/2021,10,20,795,15
60,10,4/14/2021,10,20,795,17
60,10,5/8/2021,10,20,795,19
60,10,3/28/2021,10,20,795,20
60,10,6/7/2021,10,20,795,30
60,10,4/18/2021,10,20,796,3
60,10,6/10/2021,10,20,796,6
60,10,5/10/2021,10,20,796,8
60,10,3/31/2021,10,20,796,12
60,10,4/24/2021,10,20,796,15
60,10,4/15/2021,10,20,796,17
60,10,5/6/2021,10,20,796,19
60,10,3/29/2021,10,20,796,20
60,10,6/6/2021,10,20,796,30
60,10,4/18/2021,10,20,797,3
60,10,6/9/2021,10,20,797,6
60,10,5/11/2021,10,20,797,8
60,10,3/30/2021,10,20,797,12
60,10,4/25/2021,10,20,797,15
60,10,4/14/2021,10,20,797,17
60,10,5/6/2021,10,20,797,19
60,10,3/26/2021,10,20,797,20
60,10,6/7/2021,10,20,797,30
60,10,4/16/2021,10,20,798,3
60,10,6/9/2021,10,20,798,6
60,10,5/12/2021,10,20,798,8
60,10,3/31/2021,10,20,798,12
60,10,4/23/2021,10,20,798,15
60,10,4/15/2021,10,20,798,17
60,10,5/9/2021,10,20,798,19
60,10,3/30/2021,10,20,798,20
60,10,6/6/2021,10,20,798,30
60,10,4/18/2021,10,20,799,3
60,10,6/8/2021,10,20,799,6
60,10,5/13/2021,10,20,799,8
60,10,4/2/2021,10,20,799,12
60,10,4/21/2021,10,20,799,15
60,10,4/16/2021,10,20,799,17
60,10,5/8/2021,10,20,799,19
60,10,3/27/2021,10,20,799,20
60,10,6/9/2021,10,20,799,30
60,10,4/18/2021,10,20,800,3
60,10,6/12/2021,10,20,800,6
60,10,5/12/2021,10,20,800,8
60,10,4/1/2021,10,20,800,12
60,10,4/23/2021,10,20,800,15
60,10,4/13/2021,10,20,800,17
60,10,5/9/2021,10,20,800,19
60,10,3/26/2021,10,20,800,20
60,10,6/9/2021,10,20,800,30
60,10,1/20/2023,10,20,551,19
60,10,1/31/2023,10,20,551,20
60,10,1/19/2023,10,20,551,25
60,10,1/24/2023,10,20,552,19
60,10,2/3/2023,10,20,552,20
60,10,1/19/2023,10,20,552,25
60,10,1/21/2023,10,20,553,19
60,10,1/31/2023,10,20,553,20
60,10,1/20/2023,10,20,553,25
60,10,1/23/2023,10,20,554,19
60,10,1/31/2023,10,20,554,20
60,10,1/19/2023,10,20,554,25
60,10,1/24/2023,10,20,555,19
60,10,2/4/2023,10,20,555,20
60,10,1/23/2023,10,20,555,25
60,10,1/24/2023,10,20,556,19
60,10,2/3/2023,10,20,556,20
60,10,1/22/2023,10,20,556,25
60,10,1/23/2023,10,20,557,19
60,10,2/3/2023,10,20,557,20
60,10,1/20/2023,10,20,557,25
60,10,1/20/2023,10,20,558,19
60,10,2/2/2023,10,20,558,20
60,10,1/23/2023,10,20,558,25
60,10,1/24/2023,10,20,559,19
60,10,1/31/2023,10,20,559,20
60,10,1/19/2023,10,20,559,25
60,10,1/21/2023,10,20,560,19
60,10,2/1/2023,10,20,560,20
60,10,1/23/2023,10,20,560,25
60,10,10/5/2023,10,20,926,3
60,10,7/17/2023,10,20,926,5
60,10,10/10/2022,10,20,926,6
60,10,12/27/2022,10,20,926,8
60,10,4/24/2023,10,20,926,10
60,10,8/30/2022,10,20,926,12
60,10,3/19/2023,10,20,926,16
60,10,10/1/2023,10,20,926,19
60,10,8/11/2023,10,20,926,23
60,10,2/3/2023,10,20,926,27
60,10,8/11/2022,10,20,926,29
60,10,10/7/2023,10,20,927,3
60,10,7/21/2023,10,20,927,5
60,10,10/11/2022,10,20,927,6
60,10,12/30/2022,10,20,927,8
60,10,4/23/2023,10,20,927,10
60,10,9/2/2022,10,20,927,12
60,10,3/16/2023,10,20,927,16
60,10,10/3/2023,10,20,927,19
60,10,8/13/2023,10,20,927,23
60,10,1/31/2023,10,20,927,27
60,10,8/13/2022,10,20,927,29
60,10,10/6/2023,10,20,928,3
60,10,7/18/2023,10,20,928,5
60,10,10/14/2022,10,20,928,6
60,10,12/26/2022,10,20,928,8
60,10,4/24/2023,10,20,928,10
60,10,9/1/2022,10,20,928,12
60,10,3/19/2023,10,20,928,16
60,10,9/30/2023,10,20,928,19
60,10,8/15/2023,10,20,928,23
60,10,2/4/2023,10,20,928,27
60,10,8/13/2022,10,20,928,29
60,10,10/3/2023,10,20,929,3
60,10,7/21/2023,10,20,929,5
60,10,10/14/2022,10,20,929,6
60,10,12/26/2022,10,20,929,8
60,10,4/26/2023,10,20,929,10
60,10,9/1/2022,10,20,929,12
60,10,3/19/2023,10,20,929,16
60,10,10/4/2023,10,20,929,19
60,10,8/14/2023,10,20,929,23
60,10,2/3/2023,10,20,929,27
60,10,8/14/2022,10,20,929,29
60,10,10/5/2023,10,20,930,3
60,10,7/17/2023,10,20,930,5
60,10,10/10/2022,10,20,930,6
60,10,12/27/2022,10,20,930,8
60,10,4/24/2023,10,20,930,10
60,10,8/30/2022,10,20,930,12
60,10,3/16/2023,10,20,930,16
60,10,10/3/2023,10,20,930,19
60,10,8/14/2023,10,20,930,23
60,10,2/2/2023,10,20,930,27
60,10,8/15/2022,10,20,930,29
60,10,10/4/2023,10,20,931,3
60,10,7/20/2023,10,20,931,5
60,10,10/10/2022,10,20,931,6
60,10,12/30/2022,10,20,931,8
60,10,4/22/2023,10,20,931,10
60,10,8/30/2022,10,20,931,12
60,10,3/19/2023,10,20,931,16
60,10,10/3/2023,10,20,931,19
60,10,8/13/2023,10,20,931,23
60,10,2/1/2023,10,20,931,27
60,10,8/13/2022,10,20,931,29
60,10,10/4/2023,10,20,932,3
60,10,7/18/2023,10,20,932,5
60,10,10/11/2022,10,20,932,6
60,10,12/27/2022,10,20,932,8
60,10,4/23/2023,10,20,932,10
60,10,9/2/2022,10,20,932,12
60,10,3/20/2023,10,20,932,16
60,10,10/2/2023,10,20,932,19
60,10,8/12/2023,10,20,932,23
60,10,2/3/2023,10,20,932,27
60,10,8/15/2022,10,20,932,29
60,10,10/3/2023,10,20,933,3
60,10,7/17/2023,10,20,933,5
60,10,10/11/2022,10,20,933,6
60,10,12/26/2022,10,20,933,8
60,10,4/24/2023,10,20,933,10
60,10,8/30/2022,10,20,933,12
60,10,3/16/2023,10,20,933,16
60,10,9/30/2023,10,20,933,19
60,10,8/15/2023,10,20,933,23
60,10,2/3/2023,10,20,933,27
60,10,8/14/2022,10,20,933,29
60,10,10/7/2023,10,20,934,3
60,10,7/18/2023,10,20,934,5
60,10,10/13/2022,10,20,934,6
60,10,12/30/2022,10,20,934,8
60,10,4/25/2023,10,20,934,10
60,10,8/30/2022,10,20,934,12
60,10,3/18/2023,10,20,934,16
60,10,10/2/2023,10,20,934,19
60,10,8/11/2023,10,20,934,23
60,10,2/1/2023,10,20,934,27
60,10,8/11/2022,10,20,934,29
60,10,10/6/2023,10,20,935,3
60,10,7/17/2023,10,20,935,5
60,10,10/14/2022,10,20,935,6
60,10,12/27/2022,10,20,935,8
60,10,4/23/2023,10,20,935,10
60,10,8/31/2022,10,20,935,12
60,10,3/18/2023,10,20,935,16
60,10,10/3/2023,10,20,935,19
60,10,8/15/2023,10,20,935,23
60,10,2/2/2023,10,20,935,27
60,10,8/14/2022,10,20,935,29
60,10,10/3/2023,10,20,936,3
60,10,7/18/2023,10,20,936,5
60,10,10/14/2022,10,20,936,6
60,10,12/29/2022,10,20,936,8
60,10,4/24/2023,10,20,936,10
60,10,8/31/2022,10,20,936,12
60,10,3/16/2023,10,20,936,16
60,10,10/2/2023,10,20,936,19
60,10,8/11/2023,10,20,936,23
60,10,2/4/2023,10,20,936,27
60,10,8/14/2022,10,20,936,29
60,10,10/3/2023,10,20,937,3
60,10,7/20/2023,10,20,937,5
60,10,10/11/2022,10,20,937,6
60,10,12/26/2022,10,20,937,8
60,10,4/25/2023,10,20,937,10
60,10,8/30/2022,10,20,937,12
60,10,3/20/2023,10,20,937,16
60,10,10/2/2023,10,20,937,19
60,10,8/12/2023,10,20,937,23
60,10,2/2/2023,10,20,937,27
60,10,8/13/2022,10,20,937,29
60,10,10/4/2023,10,20,938,3
60,10,7/18/2023,10,20,938,5
60,10,10/10/2022,10,20,938,6
60,10,12/26/2022,10,20,938,8
60,10,4/25/2023,10,20,938,10
60,10,9/1/2022,10,20,938,12
60,10,3/16/2023,10,20,938,16
60,10,9/30/2023,10,20,938,19
60,10,8/13/2023,10,20,938,23
60,10,1/31/2023,10,20,938,27
60,10,8/15/2022,10,20,938,29
60,10,10/5/2023,10,20,939,3
60,10,7/20/2023,10,20,939,5
60,10,10/12/2022,10,20,939,6
60,10,12/28/2022,10,20,939,8
60,10,4/24/2023,10,20,939,10
60,10,9/2/2022,10,20,939,12
60,10,3/16/2023,10,20,939,16
60,10,10/4/2023,10,20,939,19
60,10,8/13/2023,10,20,939,23
60,10,2/3/2023,10,20,939,27
60,10,8/14/2022,10,20,939,29
60,10,10/5/2023,10,20,940,3
60,10,7/19/2023,10,20,940,5
60,10,10/12/2022,10,20,940,6
60,10,12/30/2022,10,20,940,8
60,10,4/24/2023,10,20,940,10
60,10,9/3/2022,10,20,940,12
60,10,3/18/2023,10,20,940,16
60,10,10/4/2023,10,20,940,19
60,10,8/14/2023,10,20,940,23
60,10,2/4/2023,10,20,940,27
60,10,8/13/2022,10,20,940,29
60,10,6/6/2020,10,20,966,3
60,10,6/2/2020,10,20,966,5
60,10,3/23/2020,10,20,966,6
60,10,3/21/2020,10,20,966,8
60,10,5/9/2020,10,20,966,10
60,10,5/3/2020,10,20,966,12
60,10,6/18/2020,10,20,966,16
60,10,3/18/2020,10,20,966,19
60,10,4/30/2020,10,20,966,23
60,10,3/24/2020,10,20,966,27
60,10,5/4/2020,10,20,966,29
60,10,6/4/2020,10,20,967,3
60,10,6/5/2020,10,20,967,5
60,10,3/22/2020,10,20,967,6
60,10,3/22/2020,10,20,967,8
60,10,5/9/2020,10,20,967,10
60,10,5/7/2020,10,20,967,12
60,10,6/20/2020,10,20,967,16
60,10,3/16/2020,10,20,967,19
60,10,4/27/2020,10,20,967,23
60,10,3/25/2020,10,20,967,27
60,10,5/7/2020,10,20,967,29
60,10,6/7/2020,10,20,968,3
60,10,6/5/2020,10,20,968,5
60,10,3/22/2020,10,20,968,6
60,10,3/23/2020,10,20,968,8
60,10,5/12/2020,10,20,968,10
60,10,5/6/2020,10,20,968,12
60,10,6/20/2020,10,20,968,16
60,10,3/18/2020,10,20,968,19
60,10,4/30/2020,10,20,968,23
60,10,3/28/2020,10,20,968,27
60,10,5/5/2020,10,20,968,29
60,10,6/6/2020,10,20,969,3
60,10,6/6/2020,10,20,969,5
60,10,3/23/2020,10,20,969,6
60,10,3/21/2020,10,20,969,8
60,10,5/11/2020,10,20,969,10
60,10,5/6/2020,10,20,969,12
60,10,6/21/2020,10,20,969,16
60,10,3/17/2020,10,20,969,19
60,10,4/30/2020,10,20,969,23
60,10,3/27/2020,10,20,969,27
60,10,5/8/2020,10,20,969,29
60,10,6/6/2020,10,20,970,3
60,10,6/5/2020,10,20,970,5
60,10,3/22/2020,10,20,970,6
60,10,3/25/2020,10,20,970,8
60,10,5/13/2020,10,20,970,10
60,10,5/3/2020,10,20,970,12
60,10,6/21/2020,10,20,970,16
60,10,3/19/2020,10,20,970,19
60,10,4/29/2020,10,20,970,23
60,10,3/24/2020,10,20,970,27
60,10,5/7/2020,10,20,970,29
60,10,6/8/2020,10,20,971,3
60,10,6/6/2020,10,20,971,5
60,10,3/23/2020,10,20,971,6
60,10,3/22/2020,10,20,971,8
60,10,5/10/2020,10,20,971,10
60,10,5/7/2020,10,20,971,12
60,10,6/19/2020,10,20,971,16
60,10,3/15/2020,10,20,971,19
60,10,4/27/2020,10,20,971,23
60,10,3/24/2020,10,20,971,27
60,10,5/4/2020,10,20,971,29
60,10,6/8/2020,10,20,972,3
60,10,6/6/2020,10,20,972,5
60,10,3/23/2020,10,20,972,6
60,10,3/25/2020,10,20,972,8
60,10,5/12/2020,10,20,972,10
60,10,5/3/2020,10,20,972,12
60,10,6/20/2020,10,20,972,16
60,10,3/17/2020,10,20,972,19
60,10,4/30/2020,10,20,972,23
60,10,3/26/2020,10,20,972,27
60,10,5/6/2020,10,20,972,29
60,10,6/6/2020,10,20,973,3
60,10,6/4/2020,10,20,973,5
60,10,3/23/2020,10,20,973,6
60,10,3/25/2020,10,20,973,8
60,10,5/13/2020,10,20,973,10
60,10,5/4/2020,10,20,973,12
60,10,6/21/2020,10,20,973,16
60,10,3/17/2020,10,20,973,19
60,10,4/28/2020,10,20,973,23
60,10,3/27/2020,10,20,973,27
60,10,5/8/2020,10,20,973,29
60,10,6/8/2020,10,20,974,3
60,10,6/5/2020,10,20,974,5
60,10,3/23/2020,10,20,974,6
60,10,3/25/2020,10,20,974,8
60,10,5/9/2020,10,20,974,10
60,10,5/7/2020,10,20,974,12
60,10,6/18/2020,10,20,974,16
60,10,3/17/2020,10,20,974,19
60,10,4/29/2020,10,20,974,23
60,10,3/27/2020,10,20,974,27
60,10,5/4/2020,10,20,974,29
60,10,6/5/2020,10,20,975,3
60,10,6/2/2020,10,20,975,5
60,10,3/25/2020,10,20,975,6
60,10,3/21/2020,10,20,975,8
60,10,5/10/2020,10,20,975,10
60,10,5/6/2020,10,20,975,12
60,10,6/19/2020,10,20,975,16
60,10,3/15/2020,10,20,975,19
60,10,4/27/2020,10,20,975,23
60,10,3/25/2020,10,20,975,27
60,10,5/5/2020,10,20,975,29
60,10,6/6/2020,10,20,976,3
60,10,6/3/2020,10,20,976,5
60,10,3/26/2020,10,20,976,6
60,10,3/21/2020,10,20,976,8
60,10,5/11/2020,10,20,976,10
60,10,5/5/2020,10,20,976,12
60,10,6/18/2020,10,20,976,16
60,10,3/15/2020,10,20,976,19
60,10,4/27/2020,10,20,976,23
60,10,3/28/2020,10,20,976,27
60,10,5/7/2020,10,20,976,29
60,10,6/8/2020,10,20,977,3
60,10,6/6/2020,10,20,977,5
60,10,3/23/2020,10,20,977,6
60,10,3/25/2020,10,20,977,8
60,10,5/13/2020,10,20,977,10
60,10,5/5/2020,10,20,977,12
60,10,6/22/2020,10,20,977,16
60,10,3/17/2020,10,20,977,19
60,10,4/28/2020,10,20,977,23
60,10,3/25/2020,10,20,977,27
60,10,5/5/2020,10,20,977,29
60,10,6/5/2020,10,20,978,3
60,10,6/3/2020,10,20,978,5
60,10,3/25/2020,10,20,978,6
60,10,3/25/2020,10,20,978,8
60,10,5/11/2020,10,20,978,10
60,10,5/5/2020,10,20,978,12
60,10,6/18/2020,10,20,978,16
60,10,3/17/2020,10,20,978,19
60,10,4/27/2020,10,20,978,23
60,10,3/25/2020,10,20,978,27
60,10,5/8/2020,10,20,978,29
60,10,6/5/2020,10,20,979,3
60,10,6/4/2020,10,20,979,5
60,10,3/22/2020,10,20,979,6
60,10,3/23/2020,10,20,979,8
60,10,5/10/2020,10,20,979,10
60,10,5/4/2020,10,20,979,12
60,10,6/18/2020,10,20,979,16
60,10,3/15/2020,10,20,979,19
60,10,4/28/2020,10,20,979,23
60,10,3/28/2020,10,20,979,27
60,10,5/8/2020,10,20,979,29
60,10,6/5/2020,10,20,980,3
60,10,6/4/2020,10,20,980,5
60,10,3/22/2020,10,20,980,6
60,10,3/22/2020,10,20,980,8
60,10,5/9/2020,10,20,980,10
60,10,5/7/2020,10,20,980,12
60,10,6/22/2020,10,20,980,16
60,10,3/15/2020,10,20,980,19
60,10,5/1/2020,10,20,980,23
60,10,3/25/2020,10,20,980,27
60,10,5/6/2020,10,20,980,29
60,10,12/30/2021,10,20,451,3
60,10,12/16/2021,10,20,451,4
60,10,1/24/2022,10,20,451,9
60,10,1/16/2022,10,20,451,10
60,10,2/13/2022,10,20,451,22
60,10,12/28/2021,10,20,451,28
60,10,2/16/2022,10,20,451,29
60,10,11/14/2021,10,20,451,30
60,10,12/30/2021,10,20,452,3
60,10,12/14/2021,10,20,452,4
60,10,1/21/2022,10,20,452,9
60,10,1/14/2022,10,20,452,10
60,10,2/13/2022,10,20,452,22
60,10,12/28/2021,10,20,452,28
60,10,2/15/2022,10,20,452,29
60,10,11/12/2021,10,20,452,30
60,10,1/2/2022,10,20,453,3
60,10,12/14/2021,10,20,453,4
60,10,1/24/2022,10,20,453,9
60,10,1/12/2022,10,20,453,10
60,10,2/13/2022,10,20,453,22
60,10,12/27/2021,10,20,453,28
60,10,2/14/2022,10,20,453,29
60,10,11/11/2021,10,20,453,30
60,10,1/1/2022,10,20,454,3
60,10,12/14/2021,10,20,454,4
60,10,1/24/2022,10,20,454,9
60,10,1/12/2022,10,20,454,10
60,10,2/12/2022,10,20,454,22
60,10,12/30/2021,10,20,454,28
60,10,2/17/2022,10,20,454,29
60,10,11/14/2021,10,20,454,30
60,10,12/31/2021,10,20,455,3
60,10,12/12/2021,10,20,455,4
60,10,1/21/2022,10,20,455,9
60,10,1/13/2022,10,20,455,10
60,10,2/12/2022,10,20,455,22
60,10,12/30/2021,10,20,455,28
60,10,2/15/2022,10,20,455,29
60,10,11/15/2021,10,20,455,30
60,10,1/2/2022,10,20,456,3
60,10,12/13/2021,10,20,456,4
60,10,1/22/2022,10,20,456,9
60,10,1/15/2022,10,20,456,10
60,10,2/12/2022,10,20,456,22
60,10,12/27/2021,10,20,456,28
60,10,2/15/2022,10,20,456,29
60,10,11/14/2021,10,20,456,30
60,10,12/31/2021,10,20,457,3
60,10,12/15/2021,10,20,457,4
60,10,1/22/2022,10,20,457,9
60,10,1/16/2022,10,20,457,10
60,10,2/14/2022,10,20,457,22
60,10,12/30/2021,10,20,457,28
60,10,2/16/2022,10,20,457,29
60,10,11/11/2021,10,20,457,30
60,10,12/29/2021,10,20,458,3
60,10,12/13/2021,10,20,458,4
60,10,1/21/2022,10,20,458,9
60,10,1/13/2022,10,20,458,10
60,10,2/16/2022,10,20,458,22
60,10,12/29/2021,10,20,458,28
60,10,2/16/2022,10,20,458,29
60,10,11/14/2021,10,20,458,30
60,10,1/1/2022,10,20,459,3
60,10,12/12/2021,10,20,459,4
60,10,1/22/2022,10,20,459,9
60,10,1/15/2022,10,20,459,10
60,10,2/13/2022,10,20,459,22
60,10,12/28/2021,10,20,459,28
60,10,2/17/2022,10,20,459,29
60,10,11/15/2021,10,20,459,30
60,10,12/31/2021,10,20,460,3
60,10,12/16/2021,10,20,460,4
60,10,1/21/2022,10,20,460,9
60,10,1/16/2022,10,20,460,10
60,10,2/13/2022,10,20,460,22
60,10,12/28/2021,10,20,460,28
60,10,2/16/2022,10,20,460,29
60,10,11/15/2021,10,20,460,30
60,10,12/9/2021,10,20,461,3
60,10,12/25/2021,10,20,461,30
60,10,3/30/2022,10,20,461,4
60,10,1/19/2022,10,20,461,9
60,10,5/16/2022,10,20,461,10
60,10,10/6/2021,10,20,461,22
60,10,1/29/2022,10,20,461,28
60,10,12/27/2021,10,20,461,29
60,10,12/8/2021,10,20,462,3
60,10,12/25/2021,10,20,462,30
60,10,4/1/2022,10,20,462,4
60,10,1/20/2022,10,20,462,9
60,10,5/13/2022,10,20,462,10
60,10,10/3/2021,10,20,462,22
60,10,1/28/2022,10,20,462,28
60,10,12/31/2021,10,20,462,29
60,10,12/7/2021,10,20,463,3
60,10,12/23/2021,10,20,463,30
60,10,3/31/2022,10,20,463,4
60,10,1/19/2022,10,20,463,9
60,10,5/14/2022,10,20,463,10
60,10,10/6/2021,10,20,463,22
60,10,1/30/2022,10,20,463,28
60,10,12/30/2021,10,20,463,29
60,10,12/6/2021,10,20,464,3
60,10,12/22/2021,10,20,464,30
60,10,3/29/2022,10,20,464,4
60,10,1/20/2022,10,20,464,9
60,10,5/12/2022,10,20,464,10
60,10,10/3/2021,10,20,464,22
60,10,1/29/2022,10,20,464,28
60,10,12/29/2021,10,20,464,29
60,10,12/8/2021,10,20,465,3
60,10,12/22/2021,10,20,465,30
60,10,3/29/2022,10,20,465,4
60,10,1/19/2022,10,20,465,9
60,10,5/15/2022,10,20,465,10
60,10,10/3/2021,10,20,465,22
60,10,1/27/2022,10,20,465,28
60,10,12/30/2021,10,20,465,29
60,10,12/10/2021,10,20,466,3
60,10,12/22/2021,10,20,466,30
60,10,3/29/2022,10,20,466,4
60,10,1/19/2022,10,20,466,9
60,10,5/16/2022,10,20,466,10
60,10,10/2/2021,10,20,466,22
60,10,1/30/2022,10,20,466,28
60,10,12/29/2021,10,20,466,29
60,10,12/6/2021,10,20,467,3
60,10,12/24/2021,10,20,467,30
60,10,3/30/2022,10,20,467,4
60,10,1/17/2022,10,20,467,9
60,10,5/16/2022,10,20,467,10
60,10,10/6/2021,10,20,467,22
60,10,1/28/2022,10,20,467,28
60,10,12/29/2021,10,20,467,29
60,10,12/6/2021,10,20,468,3
60,10,12/23/2021,10,20,468,30
60,10,3/29/2022,10,20,468,4
60,10,1/17/2022,10,20,468,9
60,10,5/13/2022,10,20,468,10
60,10,10/4/2021,10,20,468,22
60,10,1/28/2022,10,20,468,28
60,10,12/31/2021,10,20,468,29
60,10,12/8/2021,10,20,469,3
60,10,12/21/2021,10,20,469,30
60,10,3/29/2022,10,20,469,4
60,10,1/20/2022,10,20,469,9
60,10,5/14/2022,10,20,469,10
60,10,10/2/2021,10,20,469,22
60,10,1/27/2022,10,20,469,28
60,10,12/27/2021,10,20,469,29
60,10,12/10/2021,10,20,470,3
60,10,12/25/2021,10,20,470,30
60,10,4/2/2022,10,20,470,4
60,10,1/18/2022,10,20,470,9
60,10,5/16/2022,10,20,470,10
60,10,10/5/2021,10,20,470,22
60,10,1/27/2022,10,20,470,28
60,10,12/30/2021,10,20,470,29
60,10,9/6/2021,10,20,941,1
60,10,1/6/2022,10,20,941,10
60,10,1/20/2022,10,20,941,25
60,10,9/7/2021,10,20,942,1
60,10,1/10/2022,10,20,942,10
60,10,1/19/2022,10,20,942,25
60,10,9/10/2021,10,20,943,1
60,10,1/9/2022,10,20,943,10
60,10,1/22/2022,10,20,943,25
60,10,9/9/2021,10,20,944,1
60,10,1/10/2022,10,20,944,10
60,10,1/21/2022,10,20,944,25
60,10,9/7/2021,10,20,945,1
60,10,1/6/2022,10,20,945,10
60,10,1/23/2022,10,20,945,25
60,10,9/7/2021,10,20,946,1
60,10,1/10/2022,10,20,946,10
60,10,1/19/2022,10,20,946,25
60,10,9/10/2021,10,20,947,1
60,10,1/7/2022,10,20,947,10
60,10,1/20/2022,10,20,947,25
60,10,9/8/2021,10,20,948,1
60,10,1/10/2022,10,20,948,10
60,10,1/21/2022,10,20,948,25
60,10,9/6/2021,10,20,949,1
60,10,1/8/2022,10,20,949,10
60,10,1/22/2022,10,20,949,25
60,10,9/8/2021,10,20,950,1
60,10,1/8/2022,10,20,950,10
60,10,1/20/2022,10,20,950,25
60,10,12/31/2021,10,20,471,3
60,10,2/6/2022,10,20,471,4
60,10,12/11/2021,10,20,471,9
60,10,12/29/2021,10,20,471,10
60,10,11/19/2021,10,20,471,22
60,10,1/18/2022,10,20,471,28
60,10,2/2/2022,10,20,471,29
60,10,11/12/2021,10,20,471,30
60,10,1/1/2022,10,20,472,3
60,10,2/6/2022,10,20,472,4
60,10,12/15/2021,10,20,472,9
60,10,12/28/2021,10,20,472,10
60,10,11/21/2021,10,20,472,22
60,10,1/19/2022,10,20,472,28
60,10,2/2/2022,10,20,472,29
60,10,11/12/2021,10,20,472,30
60,10,12/28/2021,10,20,473,3
60,10,2/2/2022,10,20,473,4
60,10,12/14/2021,10,20,473,9
60,10,12/28/2021,10,20,473,10
60,10,11/20/2021,10,20,473,22
60,10,1/19/2022,10,20,473,28
60,10,2/4/2022,10,20,473,29
60,10,11/15/2021,10,20,473,30
60,10,12/28/2021,10,20,474,3
60,10,2/6/2022,10,20,474,4
60,10,12/12/2021,10,20,474,9
60,10,12/27/2021,10,20,474,10
60,10,11/19/2021,10,20,474,22
60,10,1/16/2022,10,20,474,28
60,10,2/1/2022,10,20,474,29
60,10,11/16/2021,10,20,474,30
60,10,12/29/2021,10,20,475,3
60,10,2/4/2022,10,20,475,4
60,10,12/13/2021,10,20,475,9
60,10,12/27/2021,10,20,475,10
60,10,11/20/2021,10,20,475,22
60,10,1/17/2022,10,20,475,28
60,10,2/4/2022,10,20,475,29
60,10,11/15/2021,10,20,475,30
60,10,12/28/2021,10,20,476,3
60,10,2/6/2022,10,20,476,4
60,10,12/14/2021,10,20,476,9
60,10,12/28/2021,10,20,476,10
60,10,11/22/2021,10,20,476,22
60,10,1/19/2022,10,20,476,28
60,10,2/4/2022,10,20,476,29
60,10,11/14/2021,10,20,476,30
60,10,12/28/2021,10,20,477,3
60,10,2/6/2022,10,20,477,4
60,10,12/14/2021,10,20,477,9
60,10,12/28/2021,10,20,477,10
60,10,11/20/2021,10,20,477,22
60,10,1/16/2022,10,20,477,28
60,10,2/3/2022,10,20,477,29
60,10,11/12/2021,10,20,477,30
60,10,12/31/2021,10,20,478,3
60,10,2/5/2022,10,20,478,4
60,10,12/14/2021,10,20,478,9
60,10,12/28/2021,10,20,478,10
60,10,11/18/2021,10,20,478,22
60,10,1/16/2022,10,20,478,28
60,10,2/3/2022,10,20,478,29
60,10,11/14/2021,10,20,478,30
60,10,12/29/2021,10,20,479,3
60,10,2/4/2022,10,20,479,4
60,10,12/14/2021,10,20,479,9
60,10,12/27/2021,10,20,479,10
60,10,11/22/2021,10,20,479,22
60,10,1/19/2022,10,20,479,28
60,10,1/31/2022,10,20,479,29
60,10,11/12/2021,10,20,479,30
60,10,12/31/2021,10,20,480,3
60,10,2/6/2022,10,20,480,4
60,10,12/15/2021,10,20,480,9
60,10,12/29/2021,10,20,480,10
60,10,11/21/2021,10,20,480,22
60,10,1/17/2022,10,20,480,28
60,10,2/4/2022,10,20,480,29
60,10,11/14/2021,10,20,480,30
60,10,5/30/2021,10,20,481,3
60,10,2/6/2022,10,20,481,4
60,10,10/20/2021,10,20,481,9
60,10,12/18/2021,10,20,481,10
60,10,7/26/2021,10,20,481,22
60,10,3/23/2022,10,20,481,28
60,10,12/12/2021,10,20,481,29
60,10,2/12/2022,10,20,481,30
60,10,6/2/2021,10,20,482,3
60,10,2/6/2022,10,20,482,4
60,10,10/21/2021,10,20,482,9
60,10,12/18/2021,10,20,482,10
60,10,7/23/2021,10,20,482,22
60,10,3/24/2022,10,20,482,28
60,10,12/14/2021,10,20,482,29
60,10,2/12/2022,10,20,482,30
60,10,5/31/2021,10,20,483,3
60,10,2/7/2022,10,20,483,4
60,10,10/17/2021,10,20,483,9
60,10,12/17/2021,10,20,483,10
60,10,7/26/2021,10,20,483,22
60,10,3/22/2022,10,20,483,28
60,10,12/12/2021,10,20,483,29
60,10,2/13/2022,10,20,483,30
60,10,5/30/2021,10,20,484,3
60,10,2/7/2022,10,20,484,4
60,10,10/21/2021,10,20,484,9
60,10,12/17/2021,10,20,484,10
60,10,7/23/2021,10,20,484,22
60,10,3/25/2022,10,20,484,28
60,10,12/11/2021,10,20,484,29
60,10,2/14/2022,10,20,484,30
60,10,5/30/2021,10,20,485,3
60,10,2/9/2022,10,20,485,4
60,10,10/18/2021,10,20,485,9
60,10,12/20/2021,10,20,485,10
60,10,7/23/2021,10,20,485,22
60,10,3/24/2022,10,20,485,28
60,10,12/10/2021,10,20,485,29
60,10,2/15/2022,10,20,485,30
60,10,5/30/2021,10,20,486,3
60,10,2/8/2022,10,20,486,4
60,10,10/18/2021,10,20,486,9
60,10,12/20/2021,10,20,486,10
60,10,7/23/2021,10,20,486,22
60,10,3/25/2022,10,20,486,28
60,10,12/13/2021,10,20,486,29
60,10,2/15/2022,10,20,486,30
60,10,5/31/2021,10,20,487,3
60,10,2/8/2022,10,20,487,4
60,10,10/21/2021,10,20,487,9
60,10,12/19/2021,10,20,487,10
60,10,7/25/2021,10,20,487,22
60,10,3/26/2022,10,20,487,28
60,10,12/11/2021,10,20,487,29
60,10,2/12/2022,10,20,487,30
60,10,5/29/2021,10,20,488,3
60,10,2/7/2022,10,20,488,4
60,10,10/18/2021,10,20,488,9
60,10,12/19/2021,10,20,488,10
60,10,7/27/2021,10,20,488,22
60,10,3/23/2022,10,20,488,28
60,10,12/14/2021,10,20,488,29
60,10,2/15/2022,10,20,488,30
60,10,5/29/2021,10,20,489,3
60,10,2/9/2022,10,20,489,4
60,10,10/18/2021,10,20,489,9
60,10,12/20/2021,10,20,489,10
60,10,7/23/2021,10,20,489,22
60,10,3/23/2022,10,20,489,28
60,10,12/13/2021,10,20,489,29
60,10,2/13/2022,10,20,489,30
60,10,6/2/2021,10,20,490,3
60,10,2/7/2022,10,20,490,4
60,10,10/20/2021,10,20,490,9
60,10,12/20/2021,10,20,490,10
60,10,7/25/2021,10,20,490,22
60,10,3/24/2022,10,20,490,28
60,10,12/10/2021,10,20,490,29
60,10,2/14/2022,10,20,490,30
60,10,12/6/2020,10,20,846,5
60,10,1/21/2021,10,20,846,20
60,10,1/10/2021,10,20,846,29
60,10,12/20/2020,10,20,846,30
60,10,12/6/2020,10,20,847,5
60,10,1/21/2021,10,20,847,20
60,10,1/9/2021,10,20,847,29
60,10,12/21/2020,10,20,847,30
60,10,12/5/2020,10,20,848,5
60,10,1/20/2021,10,20,848,20
60,10,1/11/2021,10,20,848,29
60,10,12/24/2020,10,20,848,30
60,10,12/6/2020,10,20,849,5
60,10,1/21/2021,10,20,849,20
60,10,1/10/2021,10,20,849,29
60,10,12/21/2020,10,20,849,30
60,10,12/4/2020,10,20,850,5
60,10,1/22/2021,10,20,850,20
60,10,1/10/2021,10,20,850,29
60,10,12/24/2020,10,20,850,30
60,10,12/7/2020,10,20,991,2
60,10,1/29/2021,10,20,991,5
60,10,12/18/2020,10,20,991,6
60,10,1/10/2021,10,20,991,10
60,10,12/5/2020,10,20,992,2
60,10,1/27/2021,10,20,992,5
60,10,12/19/2020,10,20,992,6
60,10,1/13/2021,10,20,992,10
60,10,12/7/2020,10,20,993,2
60,10,1/28/2021,10,20,993,5
60,10,12/19/2020,10,20,993,6
60,10,1/12/2021,10,20,993,10
60,10,12/4/2020,10,20,994,2
60,10,1/29/2021,10,20,994,5
60,10,12/17/2020,10,20,994,6
60,10,1/13/2021,10,20,994,10
60,10,12/6/2020,10,20,995,2
60,10,1/25/2021,10,20,995,5
60,10,12/20/2020,10,20,995,6
60,10,1/14/2021,10,20,995,10
60,10,12/8/2020,10,20,996,2
60,10,1/28/2021,10,20,996,5
60,10,12/17/2020,10,20,996,6
60,10,1/14/2021,10,20,996,10
60,10,12/4/2020,10,20,997,2
60,10,1/26/2021,10,20,997,5
60,10,12/18/2020,10,20,997,6
60,10,1/14/2021,10,20,997,10
60,10,12/7/2020,10,20,998,2
60,10,1/27/2021,10,20,998,5
60,10,12/20/2020,10,20,998,6
60,10,1/14/2021,10,20,998,10
60,10,12/4/2020,10,20,999,2
60,10,1/26/2021,10,20,999,5
60,10,12/18/2020,10,20,999,6
60,10,1/13/2021,10,20,999,10
60,10,12/8/2020,10,20,1000,2
60,10,1/25/2021,10,20,1000,5
60,10,12/21/2020,10,20,1000,6
60,10,1/13/2021,10,20,1000,10
60,10,6/4/2021,10,20,851,5
60,10,5/11/2021,10,20,851,20
60,10,4/16/2021,10,20,851,29
60,10,3/28/2021,10,20,851,30
60,10,6/7/2021,10,20,852,5
60,10,5/14/2021,10,20,852,20
60,10,4/14/2021,10,20,852,29
60,10,3/29/2021,10,20,852,30
60,10,6/5/2021,10,20,853,5
60,10,5/13/2021,10,20,853,20
60,10,4/14/2021,10,20,853,29
60,10,3/28/2021,10,20,853,30
60,10,6/3/2021,10,20,854,5
60,10,5/13/2021,10,20,854,20
60,10,4/14/2021,10,20,854,29
60,10,3/31/2021,10,20,854,30
60,10,6/3/2021,10,20,855,5
60,10,5/13/2021,10,20,855,20
60,10,4/15/2021,10,20,855,29
60,10,4/1/2021,10,20,855,30
60,10,6/4/2021,10,20,856,5
60,10,5/11/2021,10,20,856,20
60,10,4/17/2021,10,20,856,29
60,10,4/1/2021,10,20,856,30
60,10,6/3/2021,10,20,857,5
60,10,5/13/2021,10,20,857,20
60,10,4/15/2021,10,20,857,29
60,10,3/31/2021,10,20,857,30
60,10,6/4/2021,10,20,858,5
60,10,5/14/2021,10,20,858,20
60,10,4/14/2021,10,20,858,29
60,10,4/1/2021,10,20,858,30
60,10,6/6/2021,10,20,859,5
60,10,5/12/2021,10,20,859,20
60,10,4/13/2021,10,20,859,29
60,10,3/29/2021,10,20,859,30
60,10,6/7/2021,10,20,860,5
60,10,5/11/2021,10,20,860,20
60,10,4/15/2021,10,20,860,29
60,10,3/28/2021,10,20,860,30
60,10,6/5/2021,10,20,861,5
60,10,5/13/2021,10,20,861,20
60,10,4/13/2021,10,20,861,29
60,10,3/30/2021,10,20,861,30
60,10,6/7/2021,10,20,862,5
60,10,5/11/2021,10,20,862,20
60,10,4/13/2021,10,20,862,29
60,10,3/30/2021,10,20,862,30
60,10,6/6/2021,10,20,863,5
60,10,5/12/2021,10,20,863,20
60,10,4/13/2021,10,20,863,29
60,10,3/31/2021,10,20,863,30
60,10,6/4/2021,10,20,864,5
60,10,5/12/2021,10,20,864,20
60,10,4/14/2021,10,20,864,29
60,10,4/1/2021,10,20,864,30
60,10,6/6/2021,10,20,865,5
60,10,5/13/2021,10,20,865,20
60,10,4/15/2021,10,20,865,29
60,10,4/1/2021,10,20,865,30
60,10,8/10/2020,10,20,981,1
60,10,9/1/2020,10,20,981,10
60,10,7/18/2020,10,20,981,25
60,10,8/7/2020,10,20,982,1
60,10,9/1/2020,10,20,982,10
60,10,7/20/2020,10,20,982,25
60,10,8/10/2020,10,20,983,1
60,10,9/2/2020,10,20,983,10
60,10,7/16/2020,10,20,983,25
60,10,8/10/2020,10,20,984,1
60,10,9/1/2020,10,20,984,10
60,10,7/17/2020,10,20,984,25
60,10,8/9/2020,10,20,985,1
60,10,8/30/2020,10,20,985,10
60,10,7/17/2020,10,20,985,25
60,10,8/11/2020,10,20,986,1
60,10,8/31/2020,10,20,986,10
60,10,7/19/2020,10,20,986,25
60,10,8/9/2020,10,20,987,1
60,10,9/1/2020,10,20,987,10
60,10,7/18/2020,10,20,987,25
60,10,8/11/2020,10,20,988,1
60,10,8/31/2020,10,20,988,10
60,10,7/19/2020,10,20,988,25
60,10,8/8/2020,10,20,989,1
60,10,8/30/2020,10,20,989,10
60,10,7/17/2020,10,20,989,25
60,10,8/8/2020,10,20,990,1
60,10,9/2/2020,10,20,990,10
60,10,7/16/2020,10,20,990,25
60,10,4/2/2021,10,20,651,4
60,10,6/2/2021,10,20,651,6
60,10,6/6/2021,10,20,651,14
60,10,6/6/2021,10,20,651,20
60,10,5/31/2021,10,20,651,21
60,10,4/25/2021,10,20,651,26
60,10,5/30/2021,10,20,651,30
60,10,4/4/2021,10,20,652,4
60,10,6/1/2021,10,20,652,6
60,10,6/2/2021,10,20,652,14
60,10,6/8/2021,10,20,652,20
60,10,6/2/2021,10,20,652,21
60,10,4/25/2021,10,20,652,26
60,10,6/1/2021,10,20,652,30
60,10,4/4/2021,10,20,653,4
60,10,6/3/2021,10,20,653,6
60,10,6/6/2021,10,20,653,14
60,10,6/9/2021,10,20,653,20
60,10,5/30/2021,10,20,653,21
60,10,4/23/2021,10,20,653,26
60,10,5/29/2021,10,20,653,30
60,10,4/3/2021,10,20,654,4
60,10,6/2/2021,10,20,654,6
60,10,6/5/2021,10,20,654,14
60,10,6/7/2021,10,20,654,20
60,10,5/31/2021,10,20,654,21
60,10,4/26/2021,10,20,654,26
60,10,5/28/2021,10,20,654,30
60,10,4/2/2021,10,20,655,4
60,10,6/3/2021,10,20,655,6
60,10,6/3/2021,10,20,655,14
60,10,6/7/2021,10,20,655,20
60,10,6/3/2021,10,20,655,21
60,10,4/26/2021,10,20,655,26
60,10,5/30/2021,10,20,655,30
60,10,4/2/2021,10,20,656,4
60,10,5/31/2021,10,20,656,6
60,10,6/6/2021,10,20,656,14
60,10,6/8/2021,10,20,656,20
60,10,6/2/2021,10,20,656,21
60,10,4/22/2021,10,20,656,26
60,10,5/30/2021,10,20,656,30
60,10,4/1/2021,10,20,657,4
60,10,6/2/2021,10,20,657,6
60,10,6/6/2021,10,20,657,14
60,10,6/9/2021,10,20,657,20
60,10,6/3/2021,10,20,657,21
60,10,4/22/2021,10,20,657,26
60,10,5/29/2021,10,20,657,30
60,10,4/4/2021,10,20,658,4
60,10,6/1/2021,10,20,658,6
60,10,6/6/2021,10,20,658,14
60,10,6/10/2021,10,20,658,20
60,10,5/30/2021,10,20,658,21
60,10,4/26/2021,10,20,658,26
60,10,5/30/2021,10,20,658,30
60,10,4/3/2021,10,20,659,4
60,10,5/30/2021,10,20,659,6
60,10,6/3/2021,10,20,659,14
60,10,6/9/2021,10,20,659,20
60,10,6/1/2021,10,20,659,21
60,10,4/22/2021,10,20,659,26
60,10,5/29/2021,10,20,659,30
60,10,4/3/2021,10,20,660,4
60,10,5/31/2021,10,20,660,6
60,10,6/2/2021,10,20,660,14
60,10,6/8/2021,10,20,660,20
60,10,5/30/2021,10,20,660,21
60,10,4/24/2021,10,20,660,26
60,10,5/31/2021,10,20,660,30
60,10,3/31/2021,10,20,661,4
60,10,5/31/2021,10,20,661,6
60,10,6/2/2021,10,20,661,14
60,10,6/8/2021,10,20,661,20
60,10,5/30/2021,10,20,661,21
60,10,4/23/2021,10,20,661,26
60,10,5/28/2021,10,20,661,30
60,10,4/3/2021,10,20,662,4
60,10,6/1/2021,10,20,662,6
60,10,6/4/2021,10,20,662,14
60,10,6/10/2021,10,20,662,20
60,10,5/30/2021,10,20,662,21
60,10,4/23/2021,10,20,662,26
60,10,5/29/2021,10,20,662,30
60,10,4/1/2021,10,20,663,4
60,10,6/3/2021,10,20,663,6
60,10,6/3/2021,10,20,663,14
60,10,6/6/2021,10,20,663,20
60,10,6/1/2021,10,20,663,21
60,10,4/22/2021,10,20,663,26
60,10,5/30/2021,10,20,663,30
60,10,4/2/2021,10,20,664,4
60,10,6/2/2021,10,20,664,6
60,10,6/5/2021,10,20,664,14
60,10,6/7/2021,10,20,664,20
60,10,6/2/2021,10,20,664,21
60,10,4/26/2021,10,20,664,26
60,10,5/28/2021,10,20,664,30
60,10,4/4/2021,10,20,665,4
60,10,5/30/2021,10,20,665,6
60,10,6/5/2021,10,20,665,14
60,10,6/7/2021,10,20,665,20
60,10,6/3/2021,10,20,665,21
60,10,4/26/2021,10,20,665,26
60,10,6/1/2021,10,20,665,30
60,10,3/31/2021,10,20,666,4
60,10,6/1/2021,10,20,666,6
60,10,6/4/2021,10,20,666,14
60,10,6/10/2021,10,20,666,20
60,10,6/3/2021,10,20,666,21
60,10,4/24/2021,10,20,666,26
60,10,5/30/2021,10,20,666,30
60,10,4/2/2021,10,20,667,4
60,10,6/2/2021,10,20,667,6
60,10,6/2/2021,10,20,667,14
60,10,6/6/2021,10,20,667,20
60,10,6/1/2021,10,20,667,21
60,10,4/25/2021,10,20,667,26
60,10,5/31/2021,10,20,667,30
60,10,4/2/2021,10,20,668,4
60,10,5/30/2021,10,20,668,6
60,10,6/3/2021,10,20,668,14
60,10,6/10/2021,10,20,668,20
60,10,6/1/2021,10,20,668,21
60,10,4/22/2021,10,20,668,26
60,10,6/1/2021,10,20,668,30
60,10,4/3/2021,10,20,669,4
60,10,6/3/2021,10,20,669,6
60,10,6/3/2021,10,20,669,14
60,10,6/6/2021,10,20,669,20
60,10,6/2/2021,10,20,669,21
60,10,4/26/2021,10,20,669,26
60,10,6/1/2021,10,20,669,30
60,10,4/3/2021,10,20,670,4
60,10,5/31/2021,10,20,670,6
60,10,6/2/2021,10,20,670,14
60,10,6/7/2021,10,20,670,20
60,10,6/2/2021,10,20,670,21
60,10,4/25/2021,10,20,670,26
60,10,5/30/2021,10,20,670,30
60,10,12/17/2021,10,20,866,9
60,10,12/31/2021,10,20,866,17
60,10,1/27/2022,10,20,866,25
60,10,12/23/2021,10,20,866,26
60,10,2/11/2022,10,20,866,28
60,10,12/15/2021,10,20,867,9
60,10,12/29/2021,10,20,867,17
60,10,1/30/2022,10,20,867,25
60,10,12/19/2021,10,20,867,26
60,10,2/7/2022,10,20,867,28
60,10,12/15/2021,10,20,868,9
60,10,12/28/2021,10,20,868,17
60,10,1/26/2022,10,20,868,25
60,10,12/22/2021,10,20,868,26
60,10,2/11/2022,10,20,868,28
60,10,12/13/2021,10,20,869,9
60,10,12/28/2021,10,20,869,17
60,10,1/28/2022,10,20,869,25
60,10,12/23/2021,10,20,869,26
60,10,2/7/2022,10,20,869,28
60,10,12/17/2021,10,20,870,9
60,10,12/31/2021,10,20,870,17
60,10,1/29/2022,10,20,870,25
60,10,12/21/2021,10,20,870,26
60,10,2/9/2022,10,20,870,28
60,10,12/16/2021,10,20,871,9
60,10,12/31/2021,10,20,871,17
60,10,1/26/2022,10,20,871,25
60,10,12/22/2021,10,20,871,26
60,10,2/11/2022,10,20,871,28
60,10,12/17/2021,10,20,872,9
60,10,1/1/2022,10,20,872,17
60,10,1/27/2022,10,20,872,25
60,10,12/23/2021,10,20,872,26
60,10,2/11/2022,10,20,872,28
60,10,12/17/2021,10,20,873,9
60,10,12/28/2021,10,20,873,17
60,10,1/28/2022,10,20,873,25
60,10,12/21/2021,10,20,873,26
60,10,2/8/2022,10,20,873,28
60,10,12/13/2021,10,20,874,9
60,10,12/31/2021,10,20,874,17
60,10,1/30/2022,10,20,874,25
60,10,12/19/2021,10,20,874,26
60,10,2/8/2022,10,20,874,28
60,10,12/17/2021,10,20,875,9
60,10,12/28/2021,10,20,875,17
60,10,1/27/2022,10,20,875,25
60,10,12/23/2021,10,20,875,26
60,10,2/8/2022,10,20,875,28
60,10,12/15/2021,10,20,876,9
60,10,12/28/2021,10,20,876,17
60,10,1/28/2022,10,20,876,25
60,10,12/22/2021,10,20,876,26
60,10,2/7/2022,10,20,876,28
60,10,12/14/2021,10,20,877,9
60,10,12/31/2021,10,20,877,17
60,10,1/30/2022,10,20,877,25
60,10,12/20/2021,10,20,877,26
60,10,2/8/2022,10,20,877,28
60,10,12/13/2021,10,20,878,9
60,10,12/30/2021,10,20,878,17
60,10,1/27/2022,10,20,878,25
60,10,12/21/2021,10,20,878,26
60,10,2/8/2022,10,20,878,28
60,10,12/15/2021,10,20,879,9
60,10,1/1/2022,10,20,879,17
60,10,1/28/2022,10,20,879,25
60,10,12/22/2021,10,20,879,26
60,10,2/9/2022,10,20,879,28
60,10,12/16/2021,10,20,880,9
60,10,12/31/2021,10,20,880,17
60,10,1/26/2022,10,20,880,25
60,10,12/19/2021,10,20,880,26
60,10,2/11/2022,10,20,880,28
60,10,1/19/2020,10,20,951,1
60,10,1/14/2020,10,20,951,6
60,10,1/5/2020,10,20,951,9
60,10,12/20/2019,10,20,951,12
60,10,12/5/2019,10,20,951,14
60,10,11/27/2019,10,20,951,15
60,10,12/3/2019,10,20,951,17
60,10,11/13/2019,10,20,951,21
60,10,11/27/2019,10,20,951,22
60,10,2/5/2020,10,20,951,23
60,10,1/23/2020,10,20,951,26
60,10,1/15/2020,10,20,952,1
60,10,1/17/2020,10,20,952,6
60,10,1/2/2020,10,20,952,9
60,10,12/22/2019,10,20,952,12
60,10,12/8/2019,10,20,952,14
60,10,11/24/2019,10,20,952,15
60,10,12/2/2019,10,20,952,17
60,10,11/11/2019,10,20,952,21
60,10,11/28/2019,10,20,952,22
60,10,2/7/2020,10,20,952,23
60,10,1/27/2020,10,20,952,26
60,10,1/19/2020,10,20,953,1
60,10,1/15/2020,10,20,953,6
60,10,1/6/2020,10,20,953,9
60,10,12/19/2019,10,20,953,12
60,10,12/7/2019,10,20,953,14
60,10,11/24/2019,10,20,953,15
60,10,12/4/2019,10,20,953,17
60,10,11/11/2019,10,20,953,21
60,10,11/30/2019,10,20,953,22
60,10,2/3/2020,10,20,953,23
60,10,1/26/2020,10,20,953,26
60,10,1/17/2020,10,20,954,1
60,10,1/18/2020,10,20,954,6
60,10,1/2/2020,10,20,954,9
60,10,12/20/2019,10,20,954,12
60,10,12/9/2019,10,20,954,14
60,10,11/26/2019,10,20,954,15
60,10,11/30/2019,10,20,954,17
60,10,11/12/2019,10,20,954,21
60,10,11/27/2019,10,20,954,22
60,10,2/7/2020,10,20,954,23
60,10,1/24/2020,10,20,954,26
60,10,1/16/2020,10,20,955,1
60,10,1/14/2020,10,20,955,6
60,10,1/2/2020,10,20,955,9
60,10,12/18/2019,10,20,955,12
60,10,12/9/2019,10,20,955,14
60,10,11/27/2019,10,20,955,15
60,10,12/3/2019,10,20,955,17
60,10,11/13/2019,10,20,955,21
60,10,11/30/2019,10,20,955,22
60,10,2/5/2020,10,20,955,23
60,10,1/24/2020,10,20,955,26
60,10,1/17/2020,10,20,956,1
60,10,1/14/2020,10,20,956,6
60,10,1/5/2020,10,20,956,9
60,10,12/19/2019,10,20,956,12
60,10,12/7/2019,10,20,956,14
60,10,11/26/2019,10,20,956,15
60,10,12/3/2019,10,20,956,17
60,10,11/10/2019,10,20,956,21
60,10,11/30/2019,10,20,956,22
60,10,2/5/2020,10,20,956,23
60,10,1/25/2020,10,20,956,26
60,10,1/16/2020,10,20,957,1
60,10,1/17/2020,10,20,957,6
60,10,1/3/2020,10,20,957,9
60,10,12/19/2019,10,20,957,12
60,10,12/7/2019,10,20,957,14
60,10,11/26/2019,10,20,957,15
60,10,12/2/2019,10,20,957,17
60,10,11/14/2019,10,20,957,21
60,10,11/29/2019,10,20,957,22
60,10,2/6/2020,10,20,957,23
60,10,1/25/2020,10,20,957,26
60,10,1/19/2020,10,20,958,1
60,10,1/14/2020,10,20,958,6
60,10,1/5/2020,10,20,958,9
60,10,12/22/2019,10,20,958,12
60,10,12/8/2019,10,20,958,14
60,10,11/26/2019,10,20,958,15
60,10,12/1/2019,10,20,958,17
60,10,11/10/2019,10,20,958,21
60,10,12/1/2019,10,20,958,22
60,10,2/3/2020,10,20,958,23
60,10,1/27/2020,10,20,958,26
60,10,1/17/2020,10,20,959,1
60,10,1/15/2020,10,20,959,6
60,10,1/5/2020,10,20,959,9
60,10,12/19/2019,10,20,959,12
60,10,12/8/2019,10,20,959,14
60,10,11/27/2019,10,20,959,15
60,10,12/4/2019,10,20,959,17
60,10,11/13/2019,10,20,959,21
60,10,11/28/2019,10,20,959,22
60,10,2/6/2020,10,20,959,23
60,10,1/26/2020,10,20,959,26
60,10,1/16/2020,10,20,960,1
60,10,1/15/2020,10,20,960,6
60,10,1/4/2020,10,20,960,9
60,10,12/18/2019,10,20,960,12
60,10,12/7/2019,10,20,960,14
60,10,11/24/2019,10,20,960,15
60,10,12/1/2019,10,20,960,17
60,10,11/10/2019,10,20,960,21
60,10,11/27/2019,10,20,960,22
60,10,2/7/2020,10,20,960,23
60,10,1/27/2020,10,20,960,26
60,10,1/15/2020,10,20,961,1
60,10,1/16/2020,10,20,961,6
60,10,1/3/2020,10,20,961,9
60,10,12/21/2019,10,20,961,12
60,10,12/5/2019,10,20,961,14
60,10,11/27/2019,10,20,961,15
60,10,11/30/2019,10,20,961,17
60,10,11/10/2019,10,20,961,21
60,10,11/30/2019,10,20,961,22
60,10,2/4/2020,10,20,961,23
60,10,1/23/2020,10,20,961,26
60,10,1/17/2020,10,20,962,1
60,10,1/18/2020,10,20,962,6
60,10,1/3/2020,10,20,962,9
60,10,12/18/2019,10,20,962,12
60,10,12/5/2019,10,20,962,14
60,10,11/27/2019,10,20,962,15
60,10,12/1/2019,10,20,962,17
60,10,11/11/2019,10,20,962,21
60,10,12/1/2019,10,20,962,22
60,10,2/3/2020,10,20,962,23
60,10,1/25/2020,10,20,962,26
60,10,1/18/2020,10,20,963,1
60,10,1/14/2020,10,20,963,6
60,10,1/6/2020,10,20,963,9
60,10,12/18/2019,10,20,963,12
60,10,12/9/2019,10,20,963,14
60,10,11/26/2019,10,20,963,15
60,10,12/4/2019,10,20,963,17
60,10,11/14/2019,10,20,963,21
60,10,11/28/2019,10,20,963,22
60,10,2/6/2020,10,20,963,23
60,10,1/26/2020,10,20,963,26
60,10,1/19/2020,10,20,964,1
60,10,1/14/2020,10,20,964,6
60,10,1/2/2020,10,20,964,9
60,10,12/21/2019,10,20,964,12
60,10,12/6/2019,10,20,964,14
60,10,11/27/2019,10,20,964,15
60,10,11/30/2019,10,20,964,17
60,10,11/10/2019,10,20,964,21
60,10,11/29/2019,10,20,964,22
60,10,2/7/2020,10,20,964,23
60,10,1/26/2020,10,20,964,26
60,10,1/19/2020,10,20,965,1
60,10,1/17/2020,10,20,965,6
60,10,1/2/2020,10,20,965,9
60,10,12/20/2019,10,20,965,12
60,10,12/5/2019,10,20,965,14
60,10,11/25/2019,10,20,965,15
60,10,12/1/2019,10,20,965,17
60,10,11/12/2019,10,20,965,21
60,10,11/28/2019,10,20,965,22
60,10,2/3/2020,10,20,965,23
60,10,1/27/2020,10,20,965,26
60,10,7/25/2021,10,20,541,6
60,10,8/6/2021,10,20,541,19
60,10,7/31/2021,10,20,541,27
60,10,7/23/2021,10,20,542,6
60,10,8/8/2021,10,20,542,19
60,10,7/28/2021,10,20,542,27
60,10,7/24/2021,10,20,543,6
60,10,8/9/2021,10,20,543,19
60,10,7/30/2021,10,20,543,27
60,10,7/23/2021,10,20,544,6
60,10,8/7/2021,10,20,544,19
60,10,7/31/2021,10,20,544,27
60,10,7/26/2021,10,20,545,6
60,10,8/6/2021,10,20,545,19
60,10,8/1/2021,10,20,545,27
60,10,7/24/2021,10,20,546,6
60,10,8/8/2021,10,20,546,19
60,10,7/28/2021,10,20,546,27
60,10,7/24/2021,10,20,547,6
60,10,8/9/2021,10,20,547,19
60,10,7/31/2021,10,20,547,27
60,10,7/24/2021,10,20,548,6
60,10,8/9/2021,10,20,548,19
60,10,7/29/2021,10,20,548,27
60,10,7/25/2021,10,20,549,6
60,10,8/6/2021,10,20,549,19
60,10,7/31/2021,10,20,549,27
60,10,7/23/2021,10,20,550,6
60,10,8/9/2021,10,20,550,19
60,10,7/31/2021,10,20,550,27
60,10,7/20/2019,10,20,621,9
60,10,7/29/2019,10,20,621,23
60,10,8/16/2019,10,20,621,24
60,10,7/14/2019,10,20,621,27
60,10,7/21/2019,10,20,622,9
60,10,7/27/2019,10,20,622,23
60,10,8/14/2019,10,20,622,24
60,10,7/12/2019,10,20,622,27
60,10,7/23/2019,10,20,623,9
60,10,7/26/2019,10,20,623,23
60,10,8/13/2019,10,20,623,24
60,10,7/10/2019,10,20,623,27
60,10,7/20/2019,10,20,624,9
60,10,7/29/2019,10,20,624,23
60,10,8/13/2019,10,20,624,24
60,10,7/14/2019,10,20,624,27
60,10,7/20/2019,10,20,625,9
60,10,7/29/2019,10,20,625,23
60,10,8/14/2019,10,20,625,24
60,10,7/12/2019,10,20,625,27
60,10,7/20/2019,10,20,626,9
60,10,7/29/2019,10,20,626,23
60,10,8/17/2019,10,20,626,24
60,10,7/12/2019,10,20,626,27
60,10,7/22/2019,10,20,627,9
60,10,7/29/2019,10,20,627,23
60,10,8/17/2019,10,20,627,24
60,10,7/12/2019,10,20,627,27
60,10,7/20/2019,10,20,628,9
60,10,7/25/2019,10,20,628,23
60,10,8/13/2019,10,20,628,24
60,10,7/13/2019,10,20,628,27
60,10,7/24/2019,10,20,629,9
60,10,7/28/2019,10,20,629,23
60,10,8/16/2019,10,20,629,24
60,10,7/12/2019,10,20,629,27
60,10,7/24/2019,10,20,630,9
60,10,7/25/2019,10,20,630,23
60,10,8/16/2019,10,20,630,24
60,10,7/10/2019,10,20,630,27
60,10,7/22/2023,10,20,511,1
60,10,7/24/2023,10,20,511,6
60,10,8/2/2023,10,20,511,14
60,10,8/11/2023,10,20,511,16
60,10,8/9/2023,10,20,511,28
60,10,7/23/2023,10,20,512,1
60,10,7/24/2023,10,20,512,6
60,10,8/6/2023,10,20,512,14
60,10,8/11/2023,10,20,512,16
60,10,8/5/2023,10,20,512,28
60,10,7/23/2023,10,20,513,1
60,10,7/23/2023,10,20,513,6
60,10,8/2/2023,10,20,513,14
60,10,8/11/2023,10,20,513,16
60,10,8/9/2023,10,20,513,28
60,10,7/23/2023,10,20,514,1
60,10,7/21/2023,10,20,514,6
60,10,8/2/2023,10,20,514,14
60,10,8/11/2023,10,20,514,16
60,10,8/7/2023,10,20,514,28
60,10,7/19/2023,10,20,515,1
60,10,7/21/2023,10,20,515,6
60,10,8/6/2023,10,20,515,14
60,10,8/12/2023,10,20,515,16
60,10,8/7/2023,10,20,515,28
60,10,7/22/2023,10,20,516,1
60,10,7/22/2023,10,20,516,6
60,10,8/2/2023,10,20,516,14
60,10,8/12/2023,10,20,516,16
60,10,8/6/2023,10,20,516,28
60,10,7/20/2023,10,20,517,1
60,10,7/20/2023,10,20,517,6
60,10,8/5/2023,10,20,517,14
60,10,8/10/2023,10,20,517,16
60,10,8/8/2023,10,20,517,28
60,10,7/21/2023,10,20,518,1
60,10,7/23/2023,10,20,518,6
60,10,8/4/2023,10,20,518,14
60,10,8/12/2023,10,20,518,16
60,10,8/6/2023,10,20,518,28
60,10,7/19/2023,10,20,519,1
60,10,7/23/2023,10,20,519,6
60,10,8/3/2023,10,20,519,14
60,10,8/10/2023,10,20,519,16
60,10,8/6/2023,10,20,519,28
60,10,7/22/2023,10,20,520,1
60,10,7/22/2023,10,20,520,6
60,10,8/4/2023,10,20,520,14
60,10,8/11/2023,10,20,520,16
60,10,8/8/2023,10,20,520,28
60,10,7/23/2023,10,20,521,1
60,10,7/23/2023,10,20,521,6
60,10,8/6/2023,10,20,521,14
60,10,8/13/2023,10,20,521,16
60,10,8/7/2023,10,20,521,28
60,10,7/20/2023,10,20,522,1
60,10,7/21/2023,10,20,522,6
60,10,8/3/2023,10,20,522,14
60,10,8/12/2023,10,20,522,16
60,10,8/7/2023,10,20,522,28
60,10,7/23/2023,10,20,523,1
60,10,7/23/2023,10,20,523,6
60,10,8/5/2023,10,20,523,14
60,10,8/10/2023,10,20,523,16
60,10,8/5/2023,10,20,523,28
60,10,7/21/2023,10,20,524,1
60,10,7/24/2023,10,20,524,6
60,10,8/5/2023,10,20,524,14
60,10,8/12/2023,10,20,524,16
60,10,8/7/2023,10,20,524,28
60,10,7/23/2023,10,20,525,1
60,10,7/21/2023,10,20,525,6
60,10,8/2/2023,10,20,525,14
60,10,8/10/2023,10,20,525,16
60,10,8/8/2023,10,20,525,28
60,10,7/23/2023,10,20,526,1
60,10,7/22/2023,10,20,526,6
60,10,8/5/2023,10,20,526,14
60,10,8/12/2023,10,20,526,16
60,10,8/6/2023,10,20,526,28
60,10,7/23/2023,10,20,527,1
60,10,7/21/2023,10,20,527,6
60,10,8/2/2023,10,20,527,14
60,10,8/11/2023,10,20,527,16
60,10,8/5/2023,10,20,527,28
60,10,7/20/2023,10,20,528,1
60,10,7/23/2023,10,20,528,6
60,10,8/3/2023,10,20,528,14
60,10,8/10/2023,10,20,528,16
60,10,8/7/2023,10,20,528,28
60,10,7/20/2023,10,20,529,1
60,10,7/23/2023,10,20,529,6
60,10,8/4/2023,10,20,529,14
60,10,8/12/2023,10,20,529,16
60,10,8/7/2023,10,20,529,28
60,10,7/22/2023,10,20,530,1
60,10,7/22/2023,10,20,530,6
60,10,8/5/2023,10,20,530,14
60,10,8/14/2023,10,20,530,16
60,10,8/6/2023,10,20,530,28
60,10,8/15/2018,10,20,631,4
60,10,7/26/2018,10,20,631,9
60,10,8/2/2018,10,20,631,12
60,10,8/7/2018,10,20,631,16
60,10,8/3/2018,10,20,631,17
60,10,7/17/2018,10,20,631,20
60,10,7/26/2018,10,20,631,30
60,10,8/16/2018,10,20,632,4
60,10,7/24/2018,10,20,632,9
60,10,8/1/2018,10,20,632,12
60,10,8/8/2018,10,20,632,16
60,10,8/3/2018,10,20,632,17
60,10,7/17/2018,10,20,632,20
60,10,7/27/2018,10,20,632,30
60,10,8/16/2018,10,20,633,4
60,10,7/25/2018,10,20,633,9
60,10,8/1/2018,10,20,633,12
60,10,8/7/2018,10,20,633,16
60,10,8/3/2018,10,20,633,17
60,10,7/18/2018,10,20,633,20
60,10,7/28/2018,10,20,633,30
60,10,8/18/2018,10,20,634,4
60,10,7/25/2018,10,20,634,9
60,10,8/3/2018,10,20,634,12
60,10,8/10/2018,10,20,634,16
60,10,8/5/2018,10,20,634,17
60,10,7/21/2018,10,20,634,20
60,10,7/25/2018,10,20,634,30
60,10,8/15/2018,10,20,635,4
60,10,7/25/2018,10,20,635,9
60,10,8/2/2018,10,20,635,12
60,10,8/6/2018,10,20,635,16
60,10,8/3/2018,10,20,635,17
60,10,7/17/2018,10,20,635,20
60,10,7/25/2018,10,20,635,30
60,10,8/14/2018,10,20,636,4
60,10,7/25/2018,10,20,636,9
60,10,8/5/2018,10,20,636,12
60,10,8/8/2018,10,20,636,16
60,10,8/3/2018,10,20,636,17
60,10,7/18/2018,10,20,636,20
60,10,7/27/2018,10,20,636,30
60,10,8/15/2018,10,20,637,4
60,10,7/25/2018,10,20,637,9
60,10,8/1/2018,10,20,637,12
60,10,8/6/2018,10,20,637,16
60,10,8/1/2018,10,20,637,17
60,10,7/20/2018,10,20,637,20
60,10,7/27/2018,10,20,637,30
60,10,8/17/2018,10,20,638,4
60,10,7/24/2018,10,20,638,9
60,10,8/1/2018,10,20,638,12
60,10,8/10/2018,10,20,638,16
60,10,8/2/2018,10,20,638,17
60,10,7/20/2018,10,20,638,20
60,10,7/28/2018,10,20,638,30
60,10,8/15/2018,10,20,639,4
60,10,7/25/2018,10,20,639,9
60,10,8/2/2018,10,20,639,12
60,10,8/7/2018,10,20,639,16
60,10,8/1/2018,10,20,639,17
60,10,7/19/2018,10,20,639,20
60,10,7/28/2018,10,20,639,30
60,10,8/18/2018,10,20,640,4
60,10,7/26/2018,10,20,640,9
60,10,8/5/2018,10,20,640,12
60,10,8/10/2018,10,20,640,16
60,10,8/2/2018,10,20,640,17
60,10,7/19/2018,10,20,640,20
60,10,7/26/2018,10,20,640,30
60,10,8/1/2020,10,20,641,3
60,10,7/20/2020,10,20,641,11
60,10,8/11/2020,10,20,641,20
60,10,8/5/2020,10,20,641,22
60,10,8/7/2020,10,20,641,23
60,10,8/9/2020,10,20,641,25
60,10,8/5/2020,10,20,641,27
60,10,8/1/2020,10,20,642,3
60,10,7/19/2020,10,20,642,11
60,10,8/11/2020,10,20,642,20
60,10,8/5/2020,10,20,642,22
60,10,8/7/2020,10,20,642,23
60,10,8/11/2020,10,20,642,25
60,10,8/4/2020,10,20,642,27
60,10,7/29/2020,10,20,643,3
60,10,7/19/2020,10,20,643,11
60,10,8/10/2020,10,20,643,20
60,10,8/4/2020,10,20,643,22
60,10,8/6/2020,10,20,643,23
60,10,8/9/2020,10,20,643,25
60,10,8/5/2020,10,20,643,27
60,10,8/1/2020,10,20,644,3
60,10,7/20/2020,10,20,644,11
60,10,8/13/2020,10,20,644,20
60,10,8/2/2020,10,20,644,22
60,10,8/7/2020,10,20,644,23
60,10,8/9/2020,10,20,644,25
60,10,8/5/2020,10,20,644,27
60,10,7/29/2020,10,20,645,3
60,10,7/18/2020,10,20,645,11
60,10,8/10/2020,10,20,645,20
60,10,8/3/2020,10,20,645,22
60,10,8/6/2020,10,20,645,23
60,10,8/10/2020,10,20,645,25
60,10,8/4/2020,10,20,645,27
60,10,7/30/2020,10,20,646,3
60,10,7/19/2020,10,20,646,11
60,10,8/11/2020,10,20,646,20
60,10,8/3/2020,10,20,646,22
60,10,8/8/2020,10,20,646,23
60,10,8/11/2020,10,20,646,25
60,10,8/5/2020,10,20,646,27
60,10,8/2/2020,10,20,647,3
60,10,7/19/2020,10,20,647,11
60,10,8/10/2020,10,20,647,20
60,10,8/5/2020,10,20,647,22
60,10,8/8/2020,10,20,647,23
60,10,8/10/2020,10,20,647,25
60,10,8/5/2020,10,20,647,27
60,10,8/2/2020,10,20,648,3
60,10,7/17/2020,10,20,648,11
60,10,8/14/2020,10,20,648,20
60,10,8/5/2020,10,20,648,22
60,10,8/8/2020,10,20,648,23
60,10,8/9/2020,10,20,648,25
60,10,8/5/2020,10,20,648,27
60,10,7/30/2020,10,20,649,3
60,10,7/19/2020,10,20,649,11
60,10,8/14/2020,10,20,649,20
60,10,8/5/2020,10,20,649,22
60,10,8/8/2020,10,20,649,23
60,10,8/7/2020,10,20,649,25
60,10,8/5/2020,10,20,649,27
60,10,8/2/2020,10,20,650,3
60,10,7/17/2020,10,20,650,11
60,10,8/14/2020,10,20,650,20
60,10,8/4/2020,10,20,650,22
60,10,8/8/2020,10,20,650,23
60,10,8/11/2020,10,20,650,25
60,10,8/8/2020,10,20,650,27
60,10,8/1/2022,10,20,531,6
60,10,8/15/2022,10,20,531,19
60,10,8/10/2022,10,20,531,27
60,10,8/4/2022,10,20,532,6
60,10,8/18/2022,10,20,532,19
60,10,8/7/2022,10,20,532,27
60,10,8/3/2022,10,20,533,6
60,10,8/15/2022,10,20,533,19
60,10,8/8/2022,10,20,533,27
60,10,7/31/2022,10,20,534,6
60,10,8/15/2022,10,20,534,19
60,10,8/6/2022,10,20,534,27
60,10,7/31/2022,10,20,535,6
60,10,8/16/2022,10,20,535,19
60,10,8/8/2022,10,20,535,27
60,10,7/31/2022,10,20,536,6
60,10,8/17/2022,10,20,536,19
60,10,8/10/2022,10,20,536,27
60,10,8/2/2022,10,20,537,6
60,10,8/17/2022,10,20,537,19
60,10,8/8/2022,10,20,537,27
60,10,7/31/2022,10,20,538,6
60,10,8/19/2022,10,20,538,19
60,10,8/7/2022,10,20,538,27
60,10,7/31/2022,10,20,539,6
60,10,8/15/2022,10,20,539,19
60,10,8/10/2022,10,20,539,27
60,10,8/1/2022,10,20,540,6
60,10,8/18/2022,10,20,540,19
60,10,8/10/2022,10,20,540,27
60,10,8/8/2022,10,20,491,1
60,10,8/22/2022,10,20,491,6
60,10,8/7/2022,10,20,491,14
60,10,7/13/2022,10,20,491,16
60,10,7/18/2022,10,20,491,28
60,10,8/9/2022,10,20,492,1
60,10,8/22/2022,10,20,492,6
60,10,8/4/2022,10,20,492,14
60,10,7/11/2022,10,20,492,16
60,10,7/19/2022,10,20,492,28
60,10,8/12/2022,10,20,493,1
60,10,8/20/2022,10,20,493,6
60,10,8/7/2022,10,20,493,14
60,10,7/11/2022,10,20,493,16
60,10,7/20/2022,10,20,493,28
60,10,8/8/2022,10,20,494,1
60,10,8/20/2022,10,20,494,6
60,10,8/4/2022,10,20,494,14
60,10,7/14/2022,10,20,494,16
60,10,7/19/2022,10,20,494,28
60,10,8/9/2022,10,20,495,1
60,10,8/23/2022,10,20,495,6
60,10,8/6/2022,10,20,495,14
60,10,7/14/2022,10,20,495,16
60,10,7/16/2022,10,20,495,28
60,10,8/10/2022,10,20,496,1
60,10,8/19/2022,10,20,496,6
60,10,8/3/2022,10,20,496,14
60,10,7/15/2022,10,20,496,16
60,10,7/17/2022,10,20,496,28
60,10,8/9/2022,10,20,497,1
60,10,8/23/2022,10,20,497,6
60,10,8/5/2022,10,20,497,14
60,10,7/15/2022,10,20,497,16
60,10,7/16/2022,10,20,497,28
60,10,8/8/2022,10,20,498,1
60,10,8/19/2022,10,20,498,6
60,10,8/7/2022,10,20,498,14
60,10,7/12/2022,10,20,498,16
60,10,7/20/2022,10,20,498,28
60,10,8/8/2022,10,20,499,1
60,10,8/21/2022,10,20,499,6
60,10,8/5/2022,10,20,499,14
60,10,7/12/2022,10,20,499,16
60,10,7/20/2022,10,20,499,28
60,10,8/9/2022,10,20,500,1
60,10,8/21/2022,10,20,500,6
60,10,8/7/2022,10,20,500,14
60,10,7/12/2022,10,20,500,16
60,10,7/17/2022,10,20,500,28
60,10,8/11/2022,10,20,501,1
60,10,8/21/2022,10,20,501,6
60,10,8/3/2022,10,20,501,14
60,10,7/11/2022,10,20,501,16
60,10,7/18/2022,10,20,501,28
60,10,8/12/2022,10,20,502,1
60,10,8/22/2022,10,20,502,6
60,10,8/7/2022,10,20,502,14
60,10,7/13/2022,10,20,502,16
60,10,7/17/2022,10,20,502,28
60,10,8/8/2022,10,20,503,1
60,10,8/19/2022,10,20,503,6
60,10,8/4/2022,10,20,503,14
60,10,7/14/2022,10,20,503,16
60,10,7/17/2022,10,20,503,28
60,10,8/12/2022,10,20,504,1
60,10,8/22/2022,10,20,504,6
60,10,8/7/2022,10,20,504,14
60,10,7/11/2022,10,20,504,16
60,10,7/20/2022,10,20,504,28
60,10,8/9/2022,10,20,505,1
60,10,8/21/2022,10,20,505,6
60,10,8/6/2022,10,20,505,14
60,10,7/15/2022,10,20,505,16
60,10,7/17/2022,10,20,505,28
60,10,8/9/2022,10,20,506,1
60,10,8/20/2022,10,20,506,6
60,10,8/7/2022,10,20,506,14
60,10,7/14/2022,10,20,506,16
60,10,7/19/2022,10,20,506,28
60,10,8/9/2022,10,20,507,1
60,10,8/20/2022,10,20,507,6
60,10,8/5/2022,10,20,507,14
60,10,7/11/2022,10,20,507,16
60,10,7/17/2022,10,20,507,28
60,10,8/12/2022,10,20,508,1
60,10,8/23/2022,10,20,508,6
60,10,8/7/2022,10,20,508,14
60,10,7/12/2022,10,20,508,16
60,10,7/20/2022,10,20,508,28
60,10,8/11/2022,10,20,509,1
60,10,8/19/2022,10,20,509,6
60,10,8/4/2022,10,20,509,14
60,10,7/11/2022,10,20,509,16
60,10,7/16/2022,10,20,509,28
60,10,8/9/2022,10,20,510,1
60,10,8/23/2022,10,20,510,6
60,10,8/4/2022,10,20,510,14
60,10,7/11/2022,10,20,510,16
60,10,7/19/2022,10,20,510,28
60,10,11/20/2023,10,20,761,25
60,10,1/2/2024,10,20,761,29
60,10,12/26/2023,10,20,761,2
60,10,11/20/2023,10,20,761,12
60,10,6/11/2024,10,20,761,22
60,10,2/8/2024,10,20,761,24
60,10,11/20/2023,10,20,762,25
60,10,1/2/2024,10,20,762,29
60,10,12/23/2023,10,20,762,2
60,10,11/20/2023,10,20,762,12
60,10,6/7/2024,10,20,762,22
60,10,2/7/2024,10,20,762,24
60,10,11/22/2023,10,20,763,25
60,10,1/3/2024,10,20,763,29
60,10,12/22/2023,10,20,763,2
60,10,11/18/2023,10,20,763,12
60,10,6/11/2024,10,20,763,22
60,10,2/7/2024,10,20,763,24
60,10,11/21/2023,10,20,764,25
60,10,12/31/2023,10,20,764,29
60,10,12/26/2023,10,20,764,2
60,10,11/19/2023,10,20,764,12
60,10,6/10/2024,10,20,764,22
60,10,2/7/2024,10,20,764,24
60,10,11/19/2023,10,20,765,25
60,10,1/1/2024,10,20,765,29
60,10,12/26/2023,10,20,765,2
60,10,11/18/2023,10,20,765,12
60,10,6/9/2024,10,20,765,22
60,10,2/8/2024,10,20,765,24
60,10,11/18/2023,10,20,766,25
60,10,12/31/2023,10,20,766,29
60,10,12/24/2023,10,20,766,2
60,10,11/18/2023,10,20,766,12
60,10,6/8/2024,10,20,766,22
60,10,2/6/2024,10,20,766,24
60,10,11/19/2023,10,20,767,25
60,10,1/4/2024,10,20,767,29
60,10,12/25/2023,10,20,767,2
60,10,11/19/2023,10,20,767,12
60,10,6/10/2024,10,20,767,22
60,10,2/8/2024,10,20,767,24
60,10,11/20/2023,10,20,768,25
60,10,1/4/2024,10,20,768,29
60,10,12/26/2023,10,20,768,2
60,10,11/22/2023,10,20,768,12
60,10,6/10/2024,10,20,768,22
60,10,2/4/2024,10,20,768,24
60,10,11/22/2023,10,20,769,25
60,10,12/31/2023,10,20,769,29
60,10,12/24/2023,10,20,769,2
60,10,11/18/2023,10,20,769,12
60,10,6/10/2024,10,20,769,22
60,10,2/8/2024,10,20,769,24
60,10,11/20/2023,10,20,770,25
60,10,1/2/2024,10,20,770,29
60,10,12/24/2023,10,20,770,2
60,10,11/21/2023,10,20,770,12
60,10,6/10/2024,10,20,770,22
60,10,2/5/2024,10,20,770,24
60,10,11/14/2018,10,20,591,1
60,10,12/29/2018,10,20,591,6
60,10,3/25/2019,10,20,591,14
60,10,7/10/2019,10,20,591,16
60,10,11/24/2018,10,20,591,28
60,10,11/15/2018,10,20,592,1
60,10,12/29/2018,10,20,592,6
60,10,3/28/2019,10,20,592,14
60,10,7/10/2019,10,20,592,16
60,10,11/24/2018,10,20,592,28
60,10,11/17/2018,10,20,593,1
60,10,12/26/2018,10,20,593,6
60,10,3/26/2019,10,20,593,14
60,10,7/10/2019,10,20,593,16
60,10,11/20/2018,10,20,593,28
60,10,11/17/2018,10,20,594,1
60,10,12/26/2018,10,20,594,6
60,10,3/29/2019,10,20,594,14
60,10,7/8/2019,10,20,594,16
60,10,11/21/2018,10,20,594,28
60,10,11/16/2018,10,20,595,1
60,10,12/27/2018,10,20,595,6
60,10,3/27/2019,10,20,595,14
60,10,7/11/2019,10,20,595,16
60,10,11/21/2018,10,20,595,28
60,10,11/16/2018,10,20,596,1
60,10,12/29/2018,10,20,596,6
60,10,3/25/2019,10,20,596,14
60,10,7/8/2019,10,20,596,16
60,10,11/22/2018,10,20,596,28
60,10,11/14/2018,10,20,597,1
60,10,12/28/2018,10,20,597,6
60,10,3/25/2019,10,20,597,14
60,10,7/10/2019,10,20,597,16
60,10,11/20/2018,10,20,597,28
60,10,11/17/2018,10,20,598,1
60,10,12/27/2018,10,20,598,6
60,10,3/29/2019,10,20,598,14
60,10,7/7/2019,10,20,598,16
60,10,11/23/2018,10,20,598,28
60,10,11/16/2018,10,20,599,1
60,10,12/26/2018,10,20,599,6
60,10,3/28/2019,10,20,599,14
60,10,7/9/2019,10,20,599,16
60,10,11/21/2018,10,20,599,28
60,10,11/18/2018,10,20,600,1
60,10,12/29/2018,10,20,600,6
60,10,3/27/2019,10,20,600,14
60,10,7/11/2019,10,20,600,16
60,10,11/23/2018,10,20,600,28
60,10,11/16/2018,10,20,601,1
60,10,12/26/2018,10,20,601,6
60,10,3/27/2019,10,20,601,14
60,10,7/7/2019,10,20,601,16
60,10,11/20/2018,10,20,601,28
60,10,11/16/2018,10,20,602,1
60,10,12/29/2018,10,20,602,6
60,10,3/26/2019,10,20,602,14
60,10,7/11/2019,10,20,602,16
60,10,11/20/2018,10,20,602,28
60,10,11/15/2018,10,20,603,1
60,10,12/27/2018,10,20,603,6
60,10,3/28/2019,10,20,603,14
60,10,7/9/2019,10,20,603,16
60,10,11/24/2018,10,20,603,28
60,10,11/18/2018,10,20,604,1
60,10,12/29/2018,10,20,604,6
60,10,3/25/2019,10,20,604,14
60,10,7/10/2019,10,20,604,16
60,10,11/23/2018,10,20,604,28
60,10,11/17/2018,10,20,605,1
60,10,12/27/2018,10,20,605,6
60,10,3/27/2019,10,20,605,14
60,10,7/9/2019,10,20,605,16
60,10,11/22/2018,10,20,605,28
60,10,11/18/2018,10,20,606,1
60,10,12/29/2018,10,20,606,6
60,10,3/29/2019,10,20,606,14
60,10,7/9/2019,10,20,606,16
60,10,11/21/2018,10,20,606,28
60,10,11/17/2018,10,20,607,1
60,10,12/27/2018,10,20,607,6
60,10,3/25/2019,10,20,607,14
60,10,7/8/2019,10,20,607,16
60,10,11/23/2018,10,20,607,28
60,10,11/16/2018,10,20,608,1
60,10,12/26/2018,10,20,608,6
60,10,3/27/2019,10,20,608,14
60,10,7/10/2019,10,20,608,16
60,10,11/24/2018,10,20,608,28
60,10,11/17/2018,10,20,609,1
60,10,12/27/2018,10,20,609,6
60,10,3/28/2019,10,20,609,14
60,10,7/10/2019,10,20,609,16
60,10,11/22/2018,10,20,609,28
60,10,11/17/2018,10,20,610,1
60,10,12/29/2018,10,20,610,6
60,10,3/26/2019,10,20,610,14
60,10,7/7/2019,10,20,610,16
60,10,11/20/2018,10,20,610,28
60,10,11/15/2018,10,20,611,1
60,10,12/26/2018,10,20,611,6
60,10,3/27/2019,10,20,611,14
60,10,7/7/2019,10,20,611,16
60,10,11/21/2018,10,20,611,28
60,10,11/14/2018,10,20,612,1
60,10,12/26/2018,10,20,612,6
60,10,3/29/2019,10,20,612,14
60,10,7/10/2019,10,20,612,16
60,10,11/22/2018,10,20,612,28
60,10,11/14/2018,10,20,613,1
60,10,12/25/2018,10,20,613,6
60,10,3/27/2019,10,20,613,14
60,10,7/9/2019,10,20,613,16
60,10,11/21/2018,10,20,613,28
60,10,11/14/2018,10,20,614,1
60,10,12/28/2018,10,20,614,6
60,10,3/25/2019,10,20,614,14
60,10,7/9/2019,10,20,614,16
60,10,11/23/2018,10,20,614,28
60,10,11/18/2018,10,20,615,1
60,10,12/27/2018,10,20,615,6
60,10,3/29/2019,10,20,615,14
60,10,7/9/2019,10,20,615,16
60,10,11/23/2018,10,20,615,28
60,10,11/15/2018,10,20,616,1
60,10,12/25/2018,10,20,616,6
60,10,3/27/2019,10,20,616,14
60,10,7/8/2019,10,20,616,16
60,10,11/23/2018,10,20,616,28
60,10,11/18/2018,10,20,617,1
60,10,12/26/2018,10,20,617,6
60,10,3/29/2019,10,20,617,14
60,10,7/8/2019,10,20,617,16
60,10,11/20/2018,10,20,617,28
60,10,11/16/2018,10,20,618,1
60,10,12/25/2018,10,20,618,6
60,10,3/28/2019,10,20,618,14
60,10,7/7/2019,10,20,618,16
60,10,11/23/2018,10,20,618,28
60,10,11/18/2018,10,20,619,1
60,10,12/25/2018,10,20,619,6
60,10,3/28/2019,10,20,619,14
60,10,7/8/2019,10,20,619,16
60,10,11/23/2018,10,20,619,28
60,10,11/17/2018,10,20,620,1
60,10,12/25/2018,10,20,620,6
60,10,3/26/2019,10,20,620,14
60,10,7/10/2019,10,20,620,16
60,10,11/22/2018,10,20,620,28
60,10,4/7/2023,10,20,751,2
60,10,12/8/2022,10,20,751,4
60,10,11/9/2022,10,20,751,7
60,10,1/23/2023,10,20,751,9
60,10,12/15/2022,10,20,751,12
60,10,1/5/2023,10,20,751,15
60,10,6/21/2023,10,20,751,16
60,10,10/19/2022,10,20,751,17
60,10,11/27/2022,10,20,751,23
60,10,4/6/2023,10,20,752,2
60,10,12/7/2022,10,20,752,4
60,10,11/9/2022,10,20,752,7
60,10,1/20/2023,10,20,752,9
60,10,12/18/2022,10,20,752,12
60,10,1/6/2023,10,20,752,15
60,10,6/19/2023,10,20,752,16
60,10,10/21/2022,10,20,752,17
60,10,11/27/2022,10,20,752,23
60,10,4/5/2023,10,20,753,2
60,10,12/9/2022,10,20,753,4
60,10,11/10/2022,10,20,753,7
60,10,1/24/2023,10,20,753,9
60,10,12/14/2022,10,20,753,12
60,10,1/7/2023,10,20,753,15
60,10,6/23/2023,10,20,753,16
60,10,10/19/2022,10,20,753,17
60,10,11/30/2022,10,20,753,23
60,10,4/9/2023,10,20,754,2
60,10,12/8/2022,10,20,754,4
60,10,11/9/2022,10,20,754,7
60,10,1/23/2023,10,20,754,9
60,10,12/18/2022,10,20,754,12
60,10,1/6/2023,10,20,754,15
60,10,6/20/2023,10,20,754,16
60,10,10/21/2022,10,20,754,17
60,10,11/27/2022,10,20,754,23
60,10,4/6/2023,10,20,755,2
60,10,12/10/2022,10,20,755,4
60,10,11/11/2022,10,20,755,7
60,10,1/22/2023,10,20,755,9
60,10,12/17/2022,10,20,755,12
60,10,1/8/2023,10,20,755,15
60,10,6/22/2023,10,20,755,16
60,10,10/18/2022,10,20,755,17
60,10,11/30/2022,10,20,755,23
60,10,4/5/2023,10,20,756,2
60,10,12/7/2022,10,20,756,4
60,10,11/8/2022,10,20,756,7
60,10,1/24/2023,10,20,756,9
60,10,12/18/2022,10,20,756,12
60,10,1/8/2023,10,20,756,15
60,10,6/21/2023,10,20,756,16
60,10,10/17/2022,10,20,756,17
60,10,11/28/2022,10,20,756,23
60,10,4/9/2023,10,20,757,2
60,10,12/11/2022,10,20,757,4
60,10,11/8/2022,10,20,757,7
60,10,1/24/2023,10,20,757,9
60,10,12/17/2022,10,20,757,12
60,10,1/6/2023,10,20,757,15
60,10,6/22/2023,10,20,757,16
60,10,10/19/2022,10,20,757,17
60,10,11/30/2022,10,20,757,23
60,10,4/8/2023,10,20,758,2
60,10,12/11/2022,10,20,758,4
60,10,11/7/2022,10,20,758,7
60,10,1/21/2023,10,20,758,9
60,10,12/16/2022,10,20,758,12
60,10,1/9/2023,10,20,758,15
60,10,6/21/2023,10,20,758,16
60,10,10/21/2022,10,20,758,17
60,10,12/1/2022,10,20,758,23
60,10,4/8/2023,10,20,759,2
60,10,12/8/2022,10,20,759,4
60,10,11/10/2022,10,20,759,7
60,10,1/21/2023,10,20,759,9
60,10,12/16/2022,10,20,759,12
60,10,1/7/2023,10,20,759,15
60,10,6/21/2023,10,20,759,16
60,10,10/21/2022,10,20,759,17
60,10,11/30/2022,10,20,759,23
60,10,4/5/2023,10,20,760,2
60,10,12/9/2022,10,20,760,4
60,10,11/10/2022,10,20,760,7
60,10,1/22/2023,10,20,760,9
60,10,12/17/2022,10,20,760,12
60,10,1/9/2023,10,20,760,15
60,10,6/23/2023,10,20,760,16
60,10,10/19/2022,10,20,760,17
60,10,11/29/2022,10,20,760,23
60,10,11/11/2022,10,20,741,2
60,10,6/17/2023,10,20,741,4
60,10,2/5/2023,10,20,741,7
60,10,1/31/2023,10,20,741,12
60,10,5/5/2023,10,20,741,17
60,10,11/14/2022,10,20,741,20
60,10,5/4/2023,10,20,741,24
60,10,2/25/2023,10,20,741,27
60,10,1/10/2023,10,20,741,28
60,10,11/9/2022,10,20,742,2
60,10,6/14/2023,10,20,742,4
60,10,2/4/2023,10,20,742,7
60,10,1/29/2023,10,20,742,12
60,10,5/1/2023,10,20,742,17
60,10,11/12/2022,10,20,742,20
60,10,5/5/2023,10,20,742,24
60,10,2/26/2023,10,20,742,27
60,10,1/12/2023,10,20,742,28
60,10,11/9/2022,10,20,743,2
60,10,6/17/2023,10,20,743,4
60,10,2/4/2023,10,20,743,7
60,10,1/28/2023,10,20,743,12
60,10,5/2/2023,10,20,743,17
60,10,11/12/2022,10,20,743,20
60,10,5/1/2023,10,20,743,24
60,10,2/24/2023,10,20,743,27
60,10,1/10/2023,10,20,743,28
60,10,11/7/2022,10,20,744,2
60,10,6/16/2023,10,20,744,4
60,10,2/5/2023,10,20,744,7
60,10,1/27/2023,10,20,744,12
60,10,5/4/2023,10,20,744,17
60,10,11/13/2022,10,20,744,20
60,10,5/5/2023,10,20,744,24
60,10,2/26/2023,10,20,744,27
60,10,1/11/2023,10,20,744,28
60,10,11/7/2022,10,20,745,2
60,10,6/17/2023,10,20,745,4
60,10,2/3/2023,10,20,745,7
60,10,1/31/2023,10,20,745,12
60,10,5/5/2023,10,20,745,17
60,10,11/13/2022,10,20,745,20
60,10,5/3/2023,10,20,745,24
60,10,2/24/2023,10,20,745,27
60,10,1/9/2023,10,20,745,28
60,10,11/8/2022,10,20,746,2
60,10,6/14/2023,10,20,746,4
60,10,2/5/2023,10,20,746,7
60,10,1/31/2023,10,20,746,12
60,10,5/4/2023,10,20,746,17
60,10,11/16/2022,10,20,746,20
60,10,5/5/2023,10,20,746,24
60,10,2/26/2023,10,20,746,27
60,10,1/9/2023,10,20,746,28
60,10,11/9/2022,10,20,747,2
60,10,6/17/2023,10,20,747,4
60,10,2/5/2023,10,20,747,7
60,10,1/29/2023,10,20,747,12
60,10,5/4/2023,10,20,747,17
60,10,11/14/2022,10,20,747,20
60,10,5/5/2023,10,20,747,24
60,10,2/24/2023,10,20,747,27
60,10,1/9/2023,10,20,747,28
60,10,11/8/2022,10,20,748,2
60,10,6/17/2023,10,20,748,4
60,10,2/1/2023,10,20,748,7
60,10,1/31/2023,10,20,748,12
60,10,5/5/2023,10,20,748,17
60,10,11/12/2022,10,20,748,20
60,10,5/5/2023,10,20,748,24
60,10,2/24/2023,10,20,748,27
60,10,1/8/2023,10,20,748,28
60,10,11/10/2022,10,20,749,2
60,10,6/14/2023,10,20,749,4
60,10,2/5/2023,10,20,749,7
60,10,1/31/2023,10,20,749,12
60,10,5/4/2023,10,20,749,17
60,10,11/14/2022,10,20,749,20
60,10,5/1/2023,10,20,749,24
60,10,2/27/2023,10,20,749,27
60,10,1/11/2023,10,20,749,28
60,10,11/10/2022,10,20,750,2
60,10,6/17/2023,10,20,750,4
60,10,2/5/2023,10,20,750,7
60,10,1/28/2023,10,20,750,12
60,10,5/5/2023,10,20,750,17
60,10,11/15/2022,10,20,750,20
60,10,5/1/2023,10,20,750,24
60,10,2/24/2023,10,20,750,27
60,10,1/10/2023,10,20,750,28
60,10,3/13/2019,10,20,251,28
60,10,5/24/2019,10,20,251,29
60,10,5/15/2019,10,20,251,6
60,10,6/5/2019,10,20,251,7
60,10,4/7/2019,10,20,251,11
60,10,7/2/2019,10,20,251,13
60,10,1/8/2019,10,20,251,22
60,10,2/27/2019,10,20,251,23
60,10,10/26/2018,10,20,251,1
60,10,3/14/2019,10,20,252,28
60,10,5/20/2019,10,20,252,29
60,10,5/13/2019,10,20,252,6
60,10,6/6/2019,10,20,252,7
60,10,4/7/2019,10,20,252,11
60,10,7/4/2019,10,20,252,13
60,10,1/7/2019,10,20,252,22
60,10,3/1/2019,10,20,252,23
60,10,10/27/2018,10,20,252,1
60,10,3/13/2019,10,20,253,28
60,10,5/22/2019,10,20,253,29
60,10,5/15/2019,10,20,253,6
60,10,6/9/2019,10,20,253,7
60,10,4/7/2019,10,20,253,11
60,10,7/1/2019,10,20,253,13
60,10,1/9/2019,10,20,253,22
60,10,3/1/2019,10,20,253,23
60,10,10/28/2018,10,20,253,1
60,10,3/13/2019,10,20,254,28
60,10,5/21/2019,10,20,254,29
60,10,5/15/2019,10,20,254,6
60,10,6/9/2019,10,20,254,7
60,10,4/7/2019,10,20,254,11
60,10,7/4/2019,10,20,254,13
60,10,1/11/2019,10,20,254,22
60,10,3/2/2019,10,20,254,23
60,10,10/29/2018,10,20,254,1
60,10,3/16/2019,10,20,255,28
60,10,5/20/2019,10,20,255,29
60,10,5/15/2019,10,20,255,6
60,10,6/8/2019,10,20,255,7
60,10,4/5/2019,10,20,255,11
60,10,7/2/2019,10,20,255,13
60,10,1/8/2019,10,20,255,22
60,10,3/2/2019,10,20,255,23
60,10,10/28/2018,10,20,255,1
60,10,3/12/2019,10,20,256,28
60,10,5/23/2019,10,20,256,29
60,10,5/17/2019,10,20,256,6
60,10,6/6/2019,10,20,256,7
60,10,4/8/2019,10,20,256,11
60,10,7/3/2019,10,20,256,13
60,10,1/10/2019,10,20,256,22
60,10,3/1/2019,10,20,256,23
60,10,10/26/2018,10,20,256,1
60,10,3/13/2019,10,20,257,28
60,10,5/23/2019,10,20,257,29
60,10,5/15/2019,10,20,257,6
60,10,6/9/2019,10,20,257,7
60,10,4/5/2019,10,20,257,11
60,10,7/1/2019,10,20,257,13
60,10,1/7/2019,10,20,257,22
60,10,3/2/2019,10,20,257,23
60,10,10/28/2018,10,20,257,1
60,10,3/16/2019,10,20,258,28
60,10,5/22/2019,10,20,258,29
60,10,5/15/2019,10,20,258,6
60,10,6/5/2019,10,20,258,7
60,10,4/6/2019,10,20,258,11
60,10,7/4/2019,10,20,258,13
60,10,1/7/2019,10,20,258,22
60,10,2/28/2019,10,20,258,23
60,10,10/29/2018,10,20,258,1
60,10,3/16/2019,10,20,259,28
60,10,5/22/2019,10,20,259,29
60,10,5/17/2019,10,20,259,6
60,10,6/5/2019,10,20,259,7
60,10,4/6/2019,10,20,259,11
60,10,7/3/2019,10,20,259,13
60,10,1/8/2019,10,20,259,22
60,10,2/28/2019,10,20,259,23
60,10,10/26/2018,10,20,259,1
60,10,3/15/2019,10,20,260,28
60,10,5/21/2019,10,20,260,29
60,10,5/15/2019,10,20,260,6
60,10,6/8/2019,10,20,260,7
60,10,4/7/2019,10,20,260,11
60,10,7/4/2019,10,20,260,13
60,10,1/8/2019,10,20,260,22
60,10,2/27/2019,10,20,260,23
60,10,10/27/2018,10,20,260,1
60,10,7/12/2020,10,20,261,1
60,10,7/14/2020,10,20,261,6
60,10,11/6/2019,10,20,261,7
60,10,4/29/2020,10,20,261,11
60,10,7/13/2020,10,20,261,13
60,10,1/4/2020,10,20,261,22
60,10,10/23/2019,10,20,261,23
60,10,4/28/2020,10,20,261,28
60,10,7/3/2020,10,20,261,29
60,10,7/16/2020,10,20,262,1
60,10,7/16/2020,10,20,262,6
60,10,11/7/2019,10,20,262,7
60,10,4/30/2020,10,20,262,11
60,10,7/14/2020,10,20,262,13
60,10,1/3/2020,10,20,262,22
60,10,10/26/2019,10,20,262,23
60,10,4/27/2020,10,20,262,28
60,10,7/6/2020,10,20,262,29
60,10,7/14/2020,10,20,263,1
60,10,7/15/2020,10,20,263,6
60,10,11/4/2019,10,20,263,7
60,10,4/26/2020,10,20,263,11
60,10,7/13/2020,10,20,263,13
60,10,1/4/2020,10,20,263,22
60,10,10/24/2019,10,20,263,23
60,10,4/26/2020,10,20,263,28
60,10,7/5/2020,10,20,263,29
60,10,7/14/2020,10,20,264,1
60,10,7/14/2020,10,20,264,6
60,10,11/8/2019,10,20,264,7
60,10,4/29/2020,10,20,264,11
60,10,7/11/2020,10,20,264,13
60,10,1/1/2020,10,20,264,22
60,10,10/26/2019,10,20,264,23
60,10,4/27/2020,10,20,264,28
60,10,7/5/2020,10,20,264,29
60,10,7/16/2020,10,20,265,1
60,10,7/18/2020,10,20,265,6
60,10,11/6/2019,10,20,265,7
60,10,4/28/2020,10,20,265,11
60,10,7/13/2020,10,20,265,13
60,10,1/4/2020,10,20,265,22
60,10,10/24/2019,10,20,265,23
60,10,4/26/2020,10,20,265,28
60,10,7/4/2020,10,20,265,29
60,10,7/14/2020,10,20,266,1
60,10,7/14/2020,10,20,266,6
60,10,11/4/2019,10,20,266,7
60,10,4/29/2020,10,20,266,11
60,10,7/14/2020,10,20,266,13
60,10,12/31/2019,10,20,266,22
60,10,10/25/2019,10,20,266,23
60,10,4/25/2020,10,20,266,28
60,10,7/7/2020,10,20,266,29
60,10,7/16/2020,10,20,267,1
60,10,7/17/2020,10,20,267,6
60,10,11/4/2019,10,20,267,7
60,10,4/30/2020,10,20,267,11
60,10,7/12/2020,10,20,267,13
60,10,1/1/2020,10,20,267,22
60,10,10/25/2019,10,20,267,23
60,10,4/25/2020,10,20,267,28
60,10,7/4/2020,10,20,267,29
60,10,7/15/2020,10,20,268,1
60,10,7/14/2020,10,20,268,6
60,10,11/8/2019,10,20,268,7
60,10,4/26/2020,10,20,268,11
60,10,7/11/2020,10,20,268,13
60,10,1/2/2020,10,20,268,22
60,10,10/23/2019,10,20,268,23
60,10,4/26/2020,10,20,268,28
60,10,7/5/2020,10,20,268,29
60,10,7/16/2020,10,20,269,1
60,10,7/14/2020,10,20,269,6
60,10,11/4/2019,10,20,269,7
60,10,4/26/2020,10,20,269,11
60,10,7/12/2020,10,20,269,13
60,10,1/3/2020,10,20,269,22
60,10,10/25/2019,10,20,269,23
60,10,4/25/2020,10,20,269,28
60,10,7/5/2020,10,20,269,29
60,10,7/12/2020,10,20,270,1
60,10,7/14/2020,10,20,270,6
60,10,11/5/2019,10,20,270,7
60,10,4/26/2020,10,20,270,11
60,10,7/11/2020,10,20,270,13
60,10,1/2/2020,10,20,270,22
60,10,10/25/2019,10,20,270,23
60,10,4/28/2020,10,20,270,28
60,10,7/4/2020,10,20,270,29
60,10,4/13/2021,10,20,271,1
60,10,4/5/2021,10,20,271,6
60,10,4/10/2021,10,20,271,7
60,10,1/13/2021,10,20,271,11
60,10,11/7/2020,10,20,271,13
60,10,2/28/2021,10,20,271,22
60,10,11/12/2020,10,20,271,23
60,10,5/14/2021,10,20,271,28
60,10,3/9/2021,10,20,271,29
60,10,4/16/2021,10,20,272,1
60,10,4/6/2021,10,20,272,6
60,10,4/7/2021,10,20,272,7
60,10,1/10/2021,10,20,272,11
60,10,11/9/2020,10,20,272,13
60,10,2/26/2021,10,20,272,22
60,10,11/14/2020,10,20,272,23
60,10,5/14/2021,10,20,272,28
60,10,3/9/2021,10,20,272,29
60,10,4/14/2021,10,20,273,1
60,10,4/8/2021,10,20,273,6
60,10,4/8/2021,10,20,273,7
60,10,1/12/2021,10,20,273,11
60,10,11/6/2020,10,20,273,13
60,10,3/1/2021,10,20,273,22
60,10,11/11/2020,10,20,273,23
60,10,5/11/2021,10,20,273,28
60,10,3/9/2021,10,20,273,29
60,10,4/14/2021,10,20,274,1
60,10,4/6/2021,10,20,274,6
60,10,4/6/2021,10,20,274,7
60,10,1/12/2021,10,20,274,11
60,10,11/9/2020,10,20,274,13
60,10,2/27/2021,10,20,274,22
60,10,11/11/2020,10,20,274,23
60,10,5/10/2021,10,20,274,28
60,10,3/8/2021,10,20,274,29
60,10,4/13/2021,10,20,275,1
60,10,4/6/2021,10,20,275,6
60,10,4/9/2021,10,20,275,7
60,10,1/10/2021,10,20,275,11
60,10,11/6/2020,10,20,275,13
60,10,2/27/2021,10,20,275,22
60,10,11/12/2020,10,20,275,23
60,10,5/13/2021,10,20,275,28
60,10,3/7/2021,10,20,275,29
60,10,4/13/2021,10,20,276,1
60,10,4/7/2021,10,20,276,6
60,10,4/8/2021,10,20,276,7
60,10,1/13/2021,10,20,276,11
60,10,11/6/2020,10,20,276,13
60,10,2/26/2021,10,20,276,22
60,10,11/15/2020,10,20,276,23
60,10,5/13/2021,10,20,276,28
60,10,3/10/2021,10,20,276,29
60,10,4/16/2021,10,20,277,1
60,10,4/6/2021,10,20,277,6
60,10,4/8/2021,10,20,277,7
60,10,1/10/2021,10,20,277,11
60,10,11/9/2020,10,20,277,13
60,10,3/2/2021,10,20,277,22
60,10,11/14/2020,10,20,277,23
60,10,5/11/2021,10,20,277,28
60,10,3/9/2021,10,20,277,29
60,10,4/15/2021,10,20,278,1
60,10,4/5/2021,10,20,278,6
60,10,4/9/2021,10,20,278,7
60,10,1/11/2021,10,20,278,11
60,10,11/7/2020,10,20,278,13
60,10,3/1/2021,10,20,278,22
60,10,11/11/2020,10,20,278,23
60,10,5/14/2021,10,20,278,28
60,10,3/9/2021,10,20,278,29
60,10,4/16/2021,10,20,279,1
60,10,4/6/2021,10,20,279,6
60,10,4/8/2021,10,20,279,7
60,10,1/14/2021,10,20,279,11
60,10,11/6/2020,10,20,279,13
60,10,3/2/2021,10,20,279,22
60,10,11/15/2020,10,20,279,23
60,10,5/10/2021,10,20,279,28
60,10,3/10/2021,10,20,279,29
60,10,4/14/2021,10,20,280,1
60,10,4/4/2021,10,20,280,6
60,10,4/10/2021,10,20,280,7
60,10,1/11/2021,10,20,280,11
60,10,11/7/2020,10,20,280,13
60,10,3/1/2021,10,20,280,22
60,10,11/12/2020,10,20,280,23
60,10,5/12/2021,10,20,280,28
60,10,3/11/2021,10,20,280,29
60,10,12/5/2021,10,20,281,1
60,10,11/25/2021,10,20,281,6
60,10,3/4/2022,10,20,281,7
60,10,6/3/2022,10,20,281,11
60,10,1/20/2022,10,20,281,13
60,10,4/24/2022,10,20,281,22
60,10,4/15/2022,10,20,281,23
60,10,2/7/2022,10,20,281,28
60,10,12/2/2021,10,20,281,29
60,10,12/5/2021,10,20,282,1
60,10,11/23/2021,10,20,282,6
60,10,3/6/2022,10,20,282,7
60,10,5/31/2022,10,20,282,11
60,10,1/19/2022,10,20,282,13
60,10,4/27/2022,10,20,282,22
60,10,4/11/2022,10,20,282,23
60,10,2/6/2022,10,20,282,28
60,10,12/4/2021,10,20,282,29
60,10,12/1/2021,10,20,283,1
60,10,11/25/2021,10,20,283,6
60,10,3/8/2022,10,20,283,7
60,10,5/30/2022,10,20,283,11
60,10,1/16/2022,10,20,283,13
60,10,4/28/2022,10,20,283,22
60,10,4/12/2022,10,20,283,23
60,10,2/7/2022,10,20,283,28
60,10,12/5/2021,10,20,283,29
60,10,12/5/2021,10,20,284,1
60,10,11/24/2021,10,20,284,6
60,10,3/8/2022,10,20,284,7
60,10,6/1/2022,10,20,284,11
60,10,1/16/2022,10,20,284,13
60,10,4/25/2022,10,20,284,22
60,10,4/11/2022,10,20,284,23
60,10,2/4/2022,10,20,284,28
60,10,12/2/2021,10,20,284,29
60,10,12/5/2021,10,20,285,1
60,10,11/23/2021,10,20,285,6
60,10,3/6/2022,10,20,285,7
60,10,6/2/2022,10,20,285,11
60,10,1/16/2022,10,20,285,13
60,10,4/25/2022,10,20,285,22
60,10,4/11/2022,10,20,285,23
60,10,2/5/2022,10,20,285,28
60,10,12/2/2021,10,20,285,29
60,10,12/3/2021,10,20,286,1
60,10,11/21/2021,10,20,286,6
60,10,3/8/2022,10,20,286,7
60,10,6/1/2022,10,20,286,11
60,10,1/17/2022,10,20,286,13
60,10,4/27/2022,10,20,286,22
60,10,4/12/2022,10,20,286,23
60,10,2/5/2022,10,20,286,28
60,10,12/5/2021,10,20,286,29
60,10,12/3/2021,10,20,287,1
60,10,11/24/2021,10,20,287,6
60,10,3/5/2022,10,20,287,7
60,10,5/30/2022,10,20,287,11
60,10,1/19/2022,10,20,287,13
60,10,4/24/2022,10,20,287,22
60,10,4/13/2022,10,20,287,23
60,10,2/7/2022,10,20,287,28
60,10,12/5/2021,10,20,287,29
60,10,12/4/2021,10,20,288,1
60,10,11/21/2021,10,20,288,6
60,10,3/7/2022,10,20,288,7
60,10,6/3/2022,10,20,288,11
60,10,1/20/2022,10,20,288,13
60,10,4/25/2022,10,20,288,22
60,10,4/11/2022,10,20,288,23
60,10,2/7/2022,10,20,288,28
60,10,12/1/2021,10,20,288,29
60,10,12/2/2021,10,20,289,1
60,10,11/23/2021,10,20,289,6
60,10,3/4/2022,10,20,289,7
60,10,6/3/2022,10,20,289,11
60,10,1/20/2022,10,20,289,13
60,10,4/25/2022,10,20,289,22
60,10,4/12/2022,10,20,289,23
60,10,2/4/2022,10,20,289,28
60,10,12/4/2021,10,20,289,29
60,10,12/4/2021,10,20,290,1
60,10,11/22/2021,10,20,290,6
60,10,3/5/2022,10,20,290,7
60,10,6/1/2022,10,20,290,11
60,10,1/19/2022,10,20,290,13
60,10,4/27/2022,10,20,290,22
60,10,4/13/2022,10,20,290,23
60,10,2/7/2022,10,20,290,28
60,10,12/4/2021,10,20,290,29
60,10,12/5/2022,10,20,291,1
60,10,3/30/2023,10,20,291,6
60,10,6/28/2023,10,20,291,7
60,10,5/1/2023,10,20,291,11
60,10,1/15/2023,10,20,291,13
60,10,7/15/2023,10,20,291,22
60,10,1/11/2023,10,20,291,23
60,10,5/31/2023,10,20,291,28
60,10,1/20/2023,10,20,291,29
60,10,12/3/2022,10,20,292,1
60,10,3/28/2023,10,20,292,6
60,10,6/28/2023,10,20,292,7
60,10,5/5/2023,10,20,292,11
60,10,1/18/2023,10,20,292,13
60,10,7/14/2023,10,20,292,22
60,10,1/9/2023,10,20,292,23
60,10,6/1/2023,10,20,292,28
60,10,1/18/2023,10,20,292,29
60,10,12/5/2022,10,20,293,1
60,10,3/29/2023,10,20,293,6
60,10,6/27/2023,10,20,293,7
60,10,5/2/2023,10,20,293,11
60,10,1/18/2023,10,20,293,13
60,10,7/14/2023,10,20,293,22
60,10,1/11/2023,10,20,293,23
60,10,6/3/2023,10,20,293,28
60,10,1/20/2023,10,20,293,29
60,10,12/1/2022,10,20,294,1
60,10,3/28/2023,10,20,294,6
60,10,6/26/2023,10,20,294,7
60,10,5/4/2023,10,20,294,11
60,10,1/14/2023,10,20,294,13
60,10,7/15/2023,10,20,294,22
60,10,1/9/2023,10,20,294,23
60,10,6/4/2023,10,20,294,28
60,10,1/20/2023,10,20,294,29
60,10,12/3/2022,10,20,295,1
60,10,3/29/2023,10,20,295,6
60,10,6/25/2023,10,20,295,7
60,10,5/4/2023,10,20,295,11
60,10,1/18/2023,10,20,295,13
60,10,7/14/2023,10,20,295,22
60,10,1/10/2023,10,20,295,23
60,10,5/31/2023,10,20,295,28
60,10,1/18/2023,10,20,295,29
60,10,12/2/2022,10,20,296,1
60,10,3/31/2023,10,20,296,6
60,10,6/29/2023,10,20,296,7
60,10,5/5/2023,10,20,296,11
60,10,1/15/2023,10,20,296,13
60,10,7/13/2023,10,20,296,22
60,10,1/9/2023,10,20,296,23
60,10,6/4/2023,10,20,296,28
60,10,1/17/2023,10,20,296,29
60,10,12/5/2022,10,20,297,1
60,10,3/28/2023,10,20,297,6
60,10,6/27/2023,10,20,297,7
60,10,5/4/2023,10,20,297,11
60,10,1/18/2023,10,20,297,13
60,10,7/13/2023,10,20,297,22
60,10,1/8/2023,10,20,297,23
60,10,6/2/2023,10,20,297,28
60,10,1/17/2023,10,20,297,29
60,10,12/2/2022,10,20,298,1
60,10,3/29/2023,10,20,298,6
60,10,6/28/2023,10,20,298,7
60,10,5/4/2023,10,20,298,11
60,10,1/18/2023,10,20,298,13
60,10,7/12/2023,10,20,298,22
60,10,1/12/2023,10,20,298,23
60,10,6/4/2023,10,20,298,28
60,10,1/20/2023,10,20,298,29
60,10,12/1/2022,10,20,299,1
60,10,4/1/2023,10,20,299,6
60,10,6/25/2023,10,20,299,7
60,10,5/2/2023,10,20,299,11
60,10,1/16/2023,10,20,299,13
60,10,7/13/2023,10,20,299,22
60,10,1/10/2023,10,20,299,23
60,10,6/4/2023,10,20,299,28
60,10,1/17/2023,10,20,299,29
60,10,12/3/2022,10,20,300,1
60,10,4/1/2023,10,20,300,6
60,10,6/26/2023,10,20,300,7
60,10,5/2/2023,10,20,300,11
60,10,1/18/2023,10,20,300,13
60,10,7/11/2023,10,20,300,22
60,10,1/11/2023,10,20,300,23
60,10,6/1/2023,10,20,300,28
60,10,1/20/2023,10,20,300,29
60,10,5/2/2024,10,20,301,1
60,10,1/23/2024,10,20,301,6
60,10,10/15/2023,10,20,301,7
60,10,1/21/2024,10,20,301,11
60,10,3/27/2024,10,20,301,13
60,10,3/22/2024,10,20,301,22
60,10,7/4/2024,10,20,301,23
60,10,10/22/2023,10,20,301,28
60,10,2/27/2024,10,20,301,29
60,10,5/2/2024,10,20,302,1
60,10,1/22/2024,10,20,302,6
60,10,10/17/2023,10,20,302,7
60,10,1/21/2024,10,20,302,11
60,10,3/23/2024,10,20,302,13
60,10,3/24/2024,10,20,302,22
60,10,7/7/2024,10,20,302,23
60,10,10/23/2023,10,20,302,28
60,10,2/28/2024,10,20,302,29
60,10,5/5/2024,10,20,303,1
60,10,1/23/2024,10,20,303,6
60,10,10/17/2023,10,20,303,7
60,10,1/18/2024,10,20,303,11
60,10,3/24/2024,10,20,303,13
60,10,3/23/2024,10,20,303,22
60,10,7/4/2024,10,20,303,23
60,10,10/22/2023,10,20,303,28
60,10,3/2/2024,10,20,303,29
60,10,5/2/2024,10,20,304,1
60,10,1/24/2024,10,20,304,6
60,10,10/15/2023,10,20,304,7
60,10,1/21/2024,10,20,304,11
60,10,3/27/2024,10,20,304,13
60,10,3/24/2024,10,20,304,22
60,10,7/7/2024,10,20,304,23
60,10,10/21/2023,10,20,304,28
60,10,2/27/2024,10,20,304,29
60,10,5/3/2024,10,20,305,1
60,10,1/22/2024,10,20,305,6
60,10,10/19/2023,10,20,305,7
60,10,1/19/2024,10,20,305,11
60,10,3/25/2024,10,20,305,13
60,10,3/23/2024,10,20,305,22
60,10,7/5/2024,10,20,305,23
60,10,10/21/2023,10,20,305,28
60,10,2/29/2024,10,20,305,29
60,10,5/4/2024,10,20,306,1
60,10,1/21/2024,10,20,306,6
60,10,10/16/2023,10,20,306,7
60,10,1/22/2024,10,20,306,11
60,10,3/25/2024,10,20,306,13
60,10,3/22/2024,10,20,306,22
60,10,7/6/2024,10,20,306,23
60,10,10/21/2023,10,20,306,28
60,10,3/2/2024,10,20,306,29
60,10,5/3/2024,10,20,307,1
60,10,1/20/2024,10,20,307,6
60,10,10/17/2023,10,20,307,7
60,10,1/18/2024,10,20,307,11
60,10,3/24/2024,10,20,307,13
60,10,3/23/2024,10,20,307,22
60,10,7/5/2024,10,20,307,23
60,10,10/21/2023,10,20,307,28
60,10,3/2/2024,10,20,307,29
60,10,5/3/2024,10,20,308,1
60,10,1/21/2024,10,20,308,6
60,10,10/19/2023,10,20,308,7
60,10,1/20/2024,10,20,308,11
60,10,3/23/2024,10,20,308,13
60,10,3/23/2024,10,20,308,22
60,10,7/5/2024,10,20,308,23
60,10,10/23/2023,10,20,308,28
60,10,2/29/2024,10,20,308,29
60,10,5/4/2024,10,20,309,1
60,10,1/22/2024,10,20,309,6
60,10,10/15/2023,10,20,309,7
60,10,1/18/2024,10,20,309,11
60,10,3/26/2024,10,20,309,13
60,10,3/23/2024,10,20,309,22
60,10,7/5/2024,10,20,309,23
60,10,10/23/2023,10,20,309,28
60,10,3/2/2024,10,20,309,29
60,10,5/2/2024,10,20,310,1
60,10,1/24/2024,10,20,310,6
60,10,10/17/2023,10,20,310,7
60,10,1/22/2024,10,20,310,11
60,10,3/25/2024,10,20,310,13
60,10,3/22/2024,10,20,310,22
60,10,7/3/2024,10,20,310,23
60,10,10/20/2023,10,20,310,28
60,10,2/27/2024,10,20,310,29
60,10,2/22/2017,10,20,311,2
60,10,4/6/2017,10,20,311,4
60,10,12/17/2016,10,20,311,7
60,10,5/11/2017,10,20,311,16
60,10,2/9/2017,10,20,311,21
60,10,2/23/2017,10,20,312,2
60,10,4/6/2017,10,20,312,4
60,10,12/18/2016,10,20,312,7
60,10,5/10/2017,10,20,312,16
60,10,2/12/2017,10,20,312,21
60,10,2/22/2017,10,20,313,2
60,10,4/4/2017,10,20,313,4
60,10,12/16/2016,10,20,313,7
60,10,5/8/2017,10,20,313,16
60,10,2/8/2017,10,20,313,21
60,10,2/24/2017,10,20,314,2
60,10,4/7/2017,10,20,314,4
60,10,12/20/2016,10,20,314,7
60,10,5/11/2017,10,20,314,16
60,10,2/10/2017,10,20,314,21
60,10,2/24/2017,10,20,315,2
60,10,4/4/2017,10,20,315,4
60,10,12/18/2016,10,20,315,7
60,10,5/10/2017,10,20,315,16
60,10,2/9/2017,10,20,315,21
60,10,2/22/2017,10,20,316,2
60,10,4/5/2017,10,20,316,4
60,10,12/18/2016,10,20,316,7
60,10,5/8/2017,10,20,316,16
60,10,2/12/2017,10,20,316,21
60,10,2/23/2017,10,20,317,2
60,10,4/6/2017,10,20,317,4
60,10,12/20/2016,10,20,317,7
60,10,5/11/2017,10,20,317,16
60,10,2/12/2017,10,20,317,21
60,10,2/24/2017,10,20,318,2
60,10,4/6/2017,10,20,318,4
60,10,12/18/2016,10,20,318,7
60,10,5/11/2017,10,20,318,16
60,10,2/12/2017,10,20,318,21
60,10,2/26/2017,10,20,319,2
60,10,4/6/2017,10,20,319,4
60,10,12/18/2016,10,20,319,7
60,10,5/11/2017,10,20,319,16
60,10,2/9/2017,10,20,319,21
60,10,2/22/2017,10,20,320,2
60,10,4/7/2017,10,20,320,4
60,10,12/20/2016,10,20,320,7
60,10,5/9/2017,10,20,320,16
60,10,2/10/2017,10,20,320,21
60,10,1/13/2018,10,20,321,16
60,10,3/8/2018,10,20,321,21
60,10,11/16/2017,10,20,321,2
60,10,1/9/2018,10,20,321,4
60,10,11/10/2017,10,20,321,7
60,10,1/13/2018,10,20,322,16
60,10,3/8/2018,10,20,322,21
60,10,11/14/2017,10,20,322,2
60,10,1/8/2018,10,20,322,4
60,10,11/10/2017,10,20,322,7
60,10,1/16/2018,10,20,323,16
60,10,3/5/2018,10,20,323,21
60,10,11/12/2017,10,20,323,2
60,10,1/5/2018,10,20,323,4
60,10,11/10/2017,10,20,323,7
60,10,1/13/2018,10,20,324,16
60,10,3/8/2018,10,20,324,21
60,10,11/14/2017,10,20,324,2
60,10,1/5/2018,10,20,324,4
60,10,11/9/2017,10,20,324,7
60,10,1/16/2018,10,20,325,16
60,10,3/7/2018,10,20,325,21
60,10,11/15/2017,10,20,325,2
60,10,1/8/2018,10,20,325,4
60,10,11/10/2017,10,20,325,7
60,10,1/15/2018,10,20,326,16
60,10,3/5/2018,10,20,326,21
60,10,11/15/2017,10,20,326,2
60,10,1/5/2018,10,20,326,4
60,10,11/9/2017,10,20,326,7
60,10,1/13/2018,10,20,327,16
60,10,3/8/2018,10,20,327,21
60,10,11/12/2017,10,20,327,2
60,10,1/9/2018,10,20,327,4
60,10,11/10/2017,10,20,327,7
60,10,1/17/2018,10,20,328,16
60,10,3/6/2018,10,20,328,21
60,10,11/15/2017,10,20,328,2
60,10,1/9/2018,10,20,328,4
60,10,11/8/2017,10,20,328,7
60,10,1/17/2018,10,20,329,16
60,10,3/7/2018,10,20,329,21
60,10,11/12/2017,10,20,329,2
60,10,1/9/2018,10,20,329,4
60,10,11/11/2017,10,20,329,7
60,10,1/16/2018,10,20,330,16
60,10,3/5/2018,10,20,330,21
60,10,11/14/2017,10,20,330,2
60,10,1/9/2018,10,20,330,4
60,10,11/9/2017,10,20,330,7
60,10,2/16/2019,10,20,331,16
60,10,5/26/2019,10,20,331,21
60,10,2/21/2019,10,20,331,2
60,10,2/26/2019,10,20,331,4
60,10,3/6/2019,10,20,331,7
60,10,2/19/2019,10,20,332,16
60,10,5/26/2019,10,20,332,21
60,10,2/22/2019,10,20,332,2
60,10,2/26/2019,10,20,332,4
60,10,3/3/2019,10,20,332,7
60,10,2/18/2019,10,20,333,16
60,10,5/28/2019,10,20,333,21
60,10,2/18/2019,10,20,333,2
60,10,2/27/2019,10,20,333,4
60,10,3/4/2019,10,20,333,7
60,10,2/15/2019,10,20,334,16
60,10,5/27/2019,10,20,334,21
60,10,2/18/2019,10,20,334,2
60,10,2/27/2019,10,20,334,4
60,10,3/2/2019,10,20,334,7
60,10,2/16/2019,10,20,335,16
60,10,5/28/2019,10,20,335,21
60,10,2/22/2019,10,20,335,2
60,10,2/25/2019,10,20,335,4
60,10,3/4/2019,10,20,335,7
60,10,2/19/2019,10,20,336,16
60,10,5/26/2019,10,20,336,21
60,10,2/18/2019,10,20,336,2
60,10,2/25/2019,10,20,336,4
60,10,3/6/2019,10,20,336,7
60,10,2/17/2019,10,20,337,16
60,10,5/25/2019,10,20,337,21
60,10,2/21/2019,10,20,337,2
60,10,2/23/2019,10,20,337,4
60,10,3/6/2019,10,20,337,7
60,10,2/17/2019,10,20,338,16
60,10,5/25/2019,10,20,338,21
60,10,2/22/2019,10,20,338,2
60,10,2/23/2019,10,20,338,4
60,10,3/5/2019,10,20,338,7
60,10,2/18/2019,10,20,339,16
60,10,5/24/2019,10,20,339,21
60,10,2/22/2019,10,20,339,2
60,10,2/27/2019,10,20,339,4
60,10,3/6/2019,10,20,339,7
60,10,2/19/2019,10,20,340,16
60,10,5/24/2019,10,20,340,21
60,10,2/20/2019,10,20,340,2
60,10,2/25/2019,10,20,340,4
60,10,3/3/2019,10,20,340,7
60,10,6/9/2020,10,20,341,2
60,10,11/20/2019,10,20,341,4
60,10,7/14/2020,10,20,341,7
60,10,5/10/2020,10,20,341,16
60,10,11/8/2019,10,20,341,21
60,10,6/8/2020,10,20,342,2
60,10,11/21/2019,10,20,342,4
60,10,7/14/2020,10,20,342,7
60,10,5/10/2020,10,20,342,16
60,10,11/9/2019,10,20,342,21
60,10,6/10/2020,10,20,343,2
60,10,11/21/2019,10,20,343,4
60,10,7/15/2020,10,20,343,7
60,10,5/11/2020,10,20,343,16
60,10,11/11/2019,10,20,343,21
60,10,6/10/2020,10,20,344,2
60,10,11/23/2019,10,20,344,4
60,10,7/13/2020,10,20,344,7
60,10,5/9/2020,10,20,344,16
60,10,11/10/2019,10,20,344,21
60,10,6/12/2020,10,20,345,2
60,10,11/20/2019,10,20,345,4
60,10,7/15/2020,10,20,345,7
60,10,5/10/2020,10,20,345,16
60,10,11/9/2019,10,20,345,21
60,10,6/9/2020,10,20,346,2
60,10,11/22/2019,10,20,346,4
60,10,7/13/2020,10,20,346,7
60,10,5/8/2020,10,20,346,16
60,10,11/9/2019,10,20,346,21
60,10,6/10/2020,10,20,347,2
60,10,11/20/2019,10,20,347,4
60,10,7/15/2020,10,20,347,7
60,10,5/11/2020,10,20,347,16
60,10,11/8/2019,10,20,347,21
60,10,6/10/2020,10,20,348,2
60,10,11/21/2019,10,20,348,4
60,10,7/14/2020,10,20,348,7
60,10,5/10/2020,10,20,348,16
60,10,11/8/2019,10,20,348,21
60,10,6/8/2020,10,20,349,2
60,10,11/21/2019,10,20,349,4
60,10,7/16/2020,10,20,349,7
60,10,5/10/2020,10,20,349,16
60,10,11/7/2019,10,20,349,21
60,10,6/10/2020,10,20,350,2
60,10,11/22/2019,10,20,350,4
60,10,7/14/2020,10,20,350,7
60,10,5/9/2020,10,20,350,16
60,10,11/8/2019,10,20,350,21
60,10,11/12/2020,10,20,351,2
60,10,4/5/2021,10,20,351,4
60,10,5/20/2021,10,20,351,7
60,10,3/21/2021,10,20,351,16
60,10,6/2/2021,10,20,351,21
60,10,11/10/2020,10,20,352,2
60,10,4/6/2021,10,20,352,4
60,10,5/22/2021,10,20,352,7
60,10,3/21/2021,10,20,352,16
60,10,6/3/2021,10,20,352,21
60,10,11/11/2020,10,20,353,2
60,10,4/5/2021,10,20,353,4
60,10,5/19/2021,10,20,353,7
60,10,3/22/2021,10,20,353,16
60,10,6/2/2021,10,20,353,21
60,10,11/12/2020,10,20,354,2
60,10,4/6/2021,10,20,354,4
60,10,5/21/2021,10,20,354,7
60,10,3/21/2021,10,20,354,16
60,10,6/4/2021,10,20,354,21
60,10,11/12/2020,10,20,355,2
60,10,4/4/2021,10,20,355,4
60,10,5/19/2021,10,20,355,7
60,10,3/21/2021,10,20,355,16
60,10,6/5/2021,10,20,355,21
60,10,11/12/2020,10,20,356,2
60,10,4/5/2021,10,20,356,4
60,10,5/18/2021,10,20,356,7
60,10,3/19/2021,10,20,356,16
60,10,6/5/2021,10,20,356,21
60,10,11/14/2020,10,20,357,2
60,10,4/5/2021,10,20,357,4
60,10,5/20/2021,10,20,357,7
60,10,3/19/2021,10,20,357,16
60,10,6/4/2021,10,20,357,21
60,10,11/10/2020,10,20,358,2
60,10,4/6/2021,10,20,358,4
60,10,5/20/2021,10,20,358,7
60,10,3/22/2021,10,20,358,16
60,10,6/3/2021,10,20,358,21
60,10,11/13/2020,10,20,359,2
60,10,4/5/2021,10,20,359,4
60,10,5/21/2021,10,20,359,7
60,10,3/22/2021,10,20,359,16
60,10,6/6/2021,10,20,359,21
60,10,11/14/2020,10,20,360,2
60,10,4/5/2021,10,20,360,4
60,10,5/19/2021,10,20,360,7
60,10,3/21/2021,10,20,360,16
60,10,6/5/2021,10,20,360,21
60,10,1/27/2022,10,20,361,2
60,10,3/15/2022,10,20,361,4
60,10,2/8/2022,10,20,361,7
60,10,4/15/2022,10,20,361,16
60,10,2/19/2022,10,20,361,21
60,10,1/27/2022,10,20,362,2
60,10,3/13/2022,10,20,362,4
60,10,2/9/2022,10,20,362,7
60,10,4/17/2022,10,20,362,16
60,10,2/19/2022,10,20,362,21
60,10,1/26/2022,10,20,363,2
60,10,3/14/2022,10,20,363,4
60,10,2/11/2022,10,20,363,7
60,10,4/14/2022,10,20,363,16
60,10,2/18/2022,10,20,363,21
60,10,1/26/2022,10,20,364,2
60,10,3/15/2022,10,20,364,4
60,10,2/10/2022,10,20,364,7
60,10,4/15/2022,10,20,364,16
60,10,2/18/2022,10,20,364,21
60,10,1/23/2022,10,20,365,2
60,10,3/15/2022,10,20,365,4
60,10,2/12/2022,10,20,365,7
60,10,4/15/2022,10,20,365,16
60,10,2/17/2022,10,20,365,21
60,10,1/24/2022,10,20,366,2
60,10,3/13/2022,10,20,366,4
60,10,2/9/2022,10,20,366,7
60,10,4/16/2022,10,20,366,16
60,10,2/16/2022,10,20,366,21
60,10,1/23/2022,10,20,367,2
60,10,3/15/2022,10,20,367,4
60,10,2/11/2022,10,20,367,7
60,10,4/17/2022,10,20,367,16
60,10,2/18/2022,10,20,367,21
60,10,1/25/2022,10,20,368,2
60,10,3/16/2022,10,20,368,4
60,10,2/11/2022,10,20,368,7
60,10,4/16/2022,10,20,368,16
60,10,2/20/2022,10,20,368,21
60,10,1/25/2022,10,20,369,2
60,10,3/14/2022,10,20,369,4
60,10,2/9/2022,10,20,369,7
60,10,4/14/2022,10,20,369,16
60,10,2/20/2022,10,20,369,21
60,10,1/25/2022,10,20,370,2
60,10,3/14/2022,10,20,370,4
60,10,2/12/2022,10,20,370,7
60,10,4/16/2022,10,20,370,16
60,10,2/19/2022,10,20,370,21
60,10,1/20/2023,10,20,371,2
60,10,5/29/2023,10,20,371,4
60,10,10/21/2022,10,20,371,7
60,10,4/19/2023,10,20,371,16
60,10,2/9/2023,10,20,371,21
60,10,1/21/2023,10,20,372,2
60,10,5/28/2023,10,20,372,4
60,10,10/22/2022,10,20,372,7
60,10,4/21/2023,10,20,372,16
60,10,2/7/2023,10,20,372,21
60,10,1/20/2023,10,20,373,2
60,10,5/30/2023,10,20,373,4
60,10,10/22/2022,10,20,373,7
60,10,4/18/2023,10,20,373,16
60,10,2/5/2023,10,20,373,21
60,10,1/18/2023,10,20,374,2
60,10,5/27/2023,10,20,374,4
60,10,10/18/2022,10,20,374,7
60,10,4/21/2023,10,20,374,16
60,10,2/6/2023,10,20,374,21
60,10,1/19/2023,10,20,375,2
60,10,5/26/2023,10,20,375,4
60,10,10/18/2022,10,20,375,7
60,10,4/17/2023,10,20,375,16
60,10,2/6/2023,10,20,375,21
60,10,1/20/2023,10,20,376,2
60,10,5/30/2023,10,20,376,4
60,10,10/22/2022,10,20,376,7
60,10,4/21/2023,10,20,376,16
60,10,2/6/2023,10,20,376,21
60,10,1/21/2023,10,20,377,2
60,10,5/27/2023,10,20,377,4
60,10,10/18/2022,10,20,377,7
60,10,4/17/2023,10,20,377,16
60,10,2/8/2023,10,20,377,21
60,10,1/17/2023,10,20,378,2
60,10,5/30/2023,10,20,378,4
60,10,10/19/2022,10,20,378,7
60,10,4/18/2023,10,20,378,16
60,10,2/6/2023,10,20,378,21
60,10,1/18/2023,10,20,379,2
60,10,5/29/2023,10,20,379,4
60,10,10/21/2022,10,20,379,7
60,10,4/19/2023,10,20,379,16
60,10,2/5/2023,10,20,379,21
60,10,1/21/2023,10,20,380,2
60,10,5/26/2023,10,20,380,4
60,10,10/21/2022,10,20,380,7
60,10,4/19/2023,10,20,380,16
60,10,2/6/2023,10,20,380,21
60,10,5/29/2024,10,20,381,2
60,10,1/1/2024,10,20,381,4
60,10,4/6/2024,10,20,381,7
60,10,11/18/2023,10,20,381,16
60,10,11/9/2023,10,20,381,21
60,10,5/29/2024,10,20,382,2
60,10,12/30/2023,10,20,382,4
60,10,4/6/2024,10,20,382,7
60,10,11/21/2023,10,20,382,16
60,10,11/8/2023,10,20,382,21
60,10,5/30/2024,10,20,383,2
60,10,12/29/2023,10,20,383,4
60,10,4/8/2024,10,20,383,7
60,10,11/17/2023,10,20,383,16
60,10,11/8/2023,10,20,383,21
60,10,5/29/2024,10,20,384,2
60,10,1/1/2024,10,20,384,4
60,10,4/6/2024,10,20,384,7
60,10,11/20/2023,10,20,384,16
60,10,11/11/2023,10,20,384,21
60,10,5/29/2024,10,20,385,2
60,10,1/1/2024,10,20,385,4
60,10,4/10/2024,10,20,385,7
60,10,11/17/2023,10,20,385,16
60,10,11/8/2023,10,20,385,21
60,10,5/29/2024,10,20,386,2
60,10,12/29/2023,10,20,386,4
60,10,4/9/2024,10,20,386,7
60,10,11/17/2023,10,20,386,16
60,10,11/10/2023,10,20,386,21
60,10,5/28/2024,10,20,387,2
60,10,12/31/2023,10,20,387,4
60,10,4/8/2024,10,20,387,7
60,10,11/19/2023,10,20,387,16
60,10,11/11/2023,10,20,387,21
60,10,6/1/2024,10,20,388,2
60,10,12/31/2023,10,20,388,4
60,10,4/8/2024,10,20,388,7
60,10,11/21/2023,10,20,388,16
60,10,11/9/2023,10,20,388,21
60,10,5/29/2024,10,20,389,2
60,10,1/2/2024,10,20,389,4
60,10,4/7/2024,10,20,389,7
60,10,11/18/2023,10,20,389,16
60,10,11/10/2023,10,20,389,21
60,10,5/28/2024,10,20,390,2
60,10,1/2/2024,10,20,390,4
60,10,4/6/2024,10,20,390,7
60,10,11/18/2023,10,20,390,16
60,10,11/12/2023,10,20,390,21
60,10,3/26/2019,10,20,561,1
60,10,7/6/2019,10,20,561,6
60,10,1/17/2019,10,20,561,14
60,10,5/29/2019,10,20,561,16
60,10,4/24/2019,10,20,561,28
60,10,3/26/2019,10,20,562,1
60,10,7/4/2019,10,20,562,6
60,10,1/18/2019,10,20,562,14
60,10,5/29/2019,10,20,562,16
60,10,4/24/2019,10,20,562,28
60,10,3/26/2019,10,20,563,1
60,10,7/6/2019,10,20,563,6
60,10,1/18/2019,10,20,563,14
60,10,5/29/2019,10,20,563,16
60,10,4/28/2019,10,20,563,28
60,10,3/30/2019,10,20,564,1
60,10,7/2/2019,10,20,564,6
60,10,1/18/2019,10,20,564,14
60,10,5/30/2019,10,20,564,16
60,10,4/25/2019,10,20,564,28
60,10,3/29/2019,10,20,565,1
60,10,7/5/2019,10,20,565,6
60,10,1/17/2019,10,20,565,14
60,10,5/29/2019,10,20,565,16
60,10,4/25/2019,10,20,565,28
60,10,3/29/2019,10,20,566,1
60,10,7/6/2019,10,20,566,6
60,10,1/17/2019,10,20,566,14
60,10,5/29/2019,10,20,566,16
60,10,4/28/2019,10,20,566,28
60,10,3/26/2019,10,20,567,1
60,10,7/2/2019,10,20,567,6
60,10,1/15/2019,10,20,567,14
60,10,5/28/2019,10,20,567,16
60,10,4/25/2019,10,20,567,28
60,10,3/30/2019,10,20,568,1
60,10,7/3/2019,10,20,568,6
60,10,1/16/2019,10,20,568,14
60,10,5/29/2019,10,20,568,16
60,10,4/24/2019,10,20,568,28
60,10,3/30/2019,10,20,569,1
60,10,7/3/2019,10,20,569,6
60,10,1/17/2019,10,20,569,14
60,10,5/26/2019,10,20,569,16
60,10,4/26/2019,10,20,569,28
60,10,3/26/2019,10,20,570,1
60,10,7/6/2019,10,20,570,6
60,10,1/18/2019,10,20,570,14
60,10,5/26/2019,10,20,570,16
60,10,4/28/2019,10,20,570,28
60,10,3/28/2019,10,20,571,1
60,10,7/5/2019,10,20,571,6
60,10,1/15/2019,10,20,571,14
60,10,5/28/2019,10,20,571,16
60,10,4/24/2019,10,20,571,28
60,10,3/29/2019,10,20,572,1
60,10,7/3/2019,10,20,572,6
60,10,1/18/2019,10,20,572,14
60,10,5/28/2019,10,20,572,16
60,10,4/25/2019,10,20,572,28
60,10,3/28/2019,10,20,573,1
60,10,7/3/2019,10,20,573,6
60,10,1/14/2019,10,20,573,14
60,10,5/29/2019,10,20,573,16
60,10,4/27/2019,10,20,573,28
60,10,3/27/2019,10,20,574,1
60,10,7/4/2019,10,20,574,6
60,10,1/16/2019,10,20,574,14
60,10,5/28/2019,10,20,574,16
60,10,4/26/2019,10,20,574,28
60,10,3/26/2019,10,20,575,1
60,10,7/3/2019,10,20,575,6
60,10,1/14/2019,10,20,575,14
60,10,5/27/2019,10,20,575,16
60,10,4/28/2019,10,20,575,28
60,10,3/29/2019,10,20,576,1
60,10,7/4/2019,10,20,576,6
60,10,1/15/2019,10,20,576,14
60,10,5/30/2019,10,20,576,16
60,10,4/24/2019,10,20,576,28
60,10,3/29/2019,10,20,577,1
60,10,7/4/2019,10,20,577,6
60,10,1/14/2019,10,20,577,14
60,10,5/28/2019,10,20,577,16
60,10,4/28/2019,10,20,577,28
60,10,3/29/2019,10,20,578,1
60,10,7/4/2019,10,20,578,6
60,10,1/16/2019,10,20,578,14
60,10,5/28/2019,10,20,578,16
60,10,4/25/2019,10,20,578,28
60,10,3/28/2019,10,20,579,1
60,10,7/6/2019,10,20,579,6
60,10,1/17/2019,10,20,579,14
60,10,5/27/2019,10,20,579,16
60,10,4/25/2019,10,20,579,28
60,10,3/26/2019,10,20,580,1
60,10,7/3/2019,10,20,580,6
60,10,1/16/2019,10,20,580,14
60,10,5/30/2019,10,20,580,16
60,10,4/24/2019,10,20,580,28
60,10,3/26/2019,10,20,581,1
60,10,7/5/2019,10,20,581,6
60,10,1/16/2019,10,20,581,14
60,10,5/29/2019,10,20,581,16
60,10,4/25/2019,10,20,581,28
60,10,3/30/2019,10,20,582,1
60,10,7/2/2019,10,20,582,6
60,10,1/16/2019,10,20,582,14
60,10,5/27/2019,10,20,582,16
60,10,4/27/2019,10,20,582,28
60,10,3/27/2019,10,20,583,1
60,10,7/4/2019,10,20,583,6
60,10,1/15/2019,10,20,583,14
60,10,5/28/2019,10,20,583,16
60,10,4/26/2019,10,20,583,28
60,10,3/30/2019,10,20,584,1
60,10,7/3/2019,10,20,584,6
60,10,1/17/2019,10,20,584,14
60,10,5/29/2019,10,20,584,16
60,10,4/27/2019,10,20,584,28
60,10,3/30/2019,10,20,585,1
60,10,7/5/2019,10,20,585,6
60,10,1/18/2019,10,20,585,14
60,10,5/30/2019,10,20,585,16
60,10,4/27/2019,10,20,585,28
60,10,3/28/2019,10,20,586,1
60,10,7/2/2019,10,20,586,6
60,10,1/15/2019,10,20,586,14
60,10,5/27/2019,10,20,586,16
60,10,4/27/2019,10,20,586,28
60,10,3/30/2019,10,20,587,1
60,10,7/5/2019,10,20,587,6
60,10,1/17/2019,10,20,587,14
60,10,5/30/2019,10,20,587,16
60,10,4/25/2019,10,20,587,28
60,10,3/26/2019,10,20,588,1
60,10,7/2/2019,10,20,588,6
60,10,1/16/2019,10,20,588,14
60,10,5/28/2019,10,20,588,16
60,10,4/26/2019,10,20,588,28
60,10,3/30/2019,10,20,589,1
60,10,7/2/2019,10,20,589,6
60,10,1/14/2019,10,20,589,14
60,10,5/27/2019,10,20,589,16
60,10,4/28/2019,10,20,589,28
60,10,3/26/2019,10,20,590,1
60,10,7/2/2019,10,20,590,6
60,10,1/16/2019,10,20,590,14
60,10,5/28/2019,10,20,590,16
60,10,4/25/2019,10,20,590,28
60,10,10/12/2023,10,20,771,7
60,10,2/4/2024,10,20,771,13
60,10,11/22/2023,10,20,771,15
60,10,1/26/2024,10,20,771,16
60,10,4/22/2024,10,20,771,17
60,10,10/22/2023,10,20,771,20
60,10,3/14/2024,10,20,771,21
60,10,2/6/2024,10,20,771,29
60,10,10/9/2023,10,20,772,7
60,10,2/6/2024,10,20,772,13
60,10,11/23/2023,10,20,772,15
60,10,1/28/2024,10,20,772,16
60,10,4/19/2024,10,20,772,17
60,10,10/20/2023,10,20,772,20
60,10,3/14/2024,10,20,772,21
60,10,2/4/2024,10,20,772,29
60,10,10/11/2023,10,20,773,7
60,10,2/6/2024,10,20,773,13
60,10,11/21/2023,10,20,773,15
60,10,1/25/2024,10,20,773,16
60,10,4/18/2024,10,20,773,17
60,10,10/19/2023,10,20,773,20
60,10,3/17/2024,10,20,773,21
60,10,2/6/2024,10,20,773,29
60,10,10/9/2023,10,20,774,7
60,10,2/2/2024,10,20,774,13
60,10,11/19/2023,10,20,774,15
60,10,1/27/2024,10,20,774,16
60,10,4/19/2024,10,20,774,17
60,10,10/19/2023,10,20,774,20
60,10,3/14/2024,10,20,774,21
60,10,2/5/2024,10,20,774,29
60,10,10/9/2023,10,20,775,7
60,10,2/6/2024,10,20,775,13
60,10,11/23/2023,10,20,775,15
60,10,1/27/2024,10,20,775,16
60,10,4/22/2024,10,20,775,17
60,10,10/18/2023,10,20,775,20
60,10,3/16/2024,10,20,775,21
60,10,2/8/2024,10,20,775,29
60,10,10/13/2023,10,20,776,7
60,10,2/5/2024,10,20,776,13
60,10,11/20/2023,10,20,776,15
60,10,1/25/2024,10,20,776,16
60,10,4/22/2024,10,20,776,17
60,10,10/21/2023,10,20,776,20
60,10,3/17/2024,10,20,776,21
60,10,2/7/2024,10,20,776,29
60,10,10/9/2023,10,20,777,7
60,10,2/4/2024,10,20,777,13
60,10,11/22/2023,10,20,777,15
60,10,1/25/2024,10,20,777,16
60,10,4/19/2024,10,20,777,17
60,10,10/19/2023,10,20,777,20
60,10,3/15/2024,10,20,777,21
60,10,2/5/2024,10,20,777,29
60,10,10/13/2023,10,20,778,7
60,10,2/5/2024,10,20,778,13
60,10,11/21/2023,10,20,778,15
60,10,1/25/2024,10,20,778,16
60,10,4/18/2024,10,20,778,17
60,10,10/22/2023,10,20,778,20
60,10,3/14/2024,10,20,778,21
60,10,2/8/2024,10,20,778,29
60,10,10/9/2023,10,20,779,7
60,10,2/4/2024,10,20,779,13
60,10,11/22/2023,10,20,779,15
60,10,1/26/2024,10,20,779,16
60,10,4/18/2024,10,20,779,17
60,10,10/22/2023,10,20,779,20
60,10,3/17/2024,10,20,779,21
60,10,2/8/2024,10,20,779,29
60,10,10/10/2023,10,20,780,7
60,10,2/3/2024,10,20,780,13
60,10,11/23/2023,10,20,780,15
60,10,1/24/2024,10,20,780,16
60,10,4/21/2024,10,20,780,17
60,10,10/22/2023,10,20,780,20
60,10,3/16/2024,10,20,780,21
60,10,2/7/2024,10,20,780,29
60,10,12/25/2020,10,20,671,15
60,10,6/10/2021,10,20,671,25
60,10,3/7/2021,10,20,671,27
60,10,12/26/2020,10,20,672,15
60,10,6/7/2021,10,20,672,25
60,10,3/9/2021,10,20,672,27
60,10,12/26/2020,10,20,673,15
60,10,6/8/2021,10,20,673,25
60,10,3/8/2021,10,20,673,27
60,10,12/25/2020,10,20,674,15
60,10,6/11/2021,10,20,674,25
60,10,3/9/2021,10,20,674,27
60,10,12/27/2020,10,20,675,15
60,10,6/11/2021,10,20,675,25
60,10,3/10/2021,10,20,675,27
60,10,12/27/2020,10,20,676,15
60,10,6/11/2021,10,20,676,25
60,10,3/6/2021,10,20,676,27
60,10,12/25/2020,10,20,677,15
60,10,6/10/2021,10,20,677,25
60,10,3/9/2021,10,20,677,27
60,10,12/25/2020,10,20,678,15
60,10,6/10/2021,10,20,678,25
60,10,3/6/2021,10,20,678,27
60,10,12/25/2020,10,20,679,15
60,10,6/11/2021,10,20,679,25
60,10,3/7/2021,10,20,679,27
60,10,12/25/2020,10,20,680,15
60,10,6/9/2021,10,20,680,25
60,10,3/9/2021,10,20,680,27
60,10,12/26/2020,10,20,681,15
60,10,6/10/2021,10,20,681,25
60,10,3/10/2021,10,20,681,27
60,10,12/27/2020,10,20,682,15
60,10,6/10/2021,10,20,682,25
60,10,3/8/2021,10,20,682,27
60,10,12/26/2020,10,20,683,15
60,10,6/8/2021,10,20,683,25
60,10,3/9/2021,10,20,683,27
60,10,12/27/2020,10,20,684,15
60,10,6/9/2021,10,20,684,25
60,10,3/6/2021,10,20,684,27
60,10,12/26/2020,10,20,685,15
60,10,6/8/2021,10,20,685,25
60,10,3/6/2021,10,20,685,27
60,10,12/28/2020,10,20,686,15
60,10,6/10/2021,10,20,686,25
60,10,3/8/2021,10,20,686,27
60,10,12/27/2020,10,20,687,15
60,10,6/10/2021,10,20,687,25
60,10,3/8/2021,10,20,687,27
60,10,12/25/2020,10,20,688,15
60,10,6/9/2021,10,20,688,25
60,10,3/6/2021,10,20,688,27
60,10,12/27/2020,10,20,689,15
60,10,6/9/2021,10,20,689,25
60,10,3/8/2021,10,20,689,27
60,10,12/24/2020,10,20,690,15
60,10,6/10/2021,10,20,690,25
60,10,3/7/2021,10,20,690,27
60,10,12/26/2020,10,20,691,15
60,10,6/9/2021,10,20,691,25
60,10,3/10/2021,10,20,691,27
60,10,12/24/2020,10,20,692,15
60,10,6/8/2021,10,20,692,25
60,10,3/6/2021,10,20,692,27
60,10,12/24/2020,10,20,693,15
60,10,6/7/2021,10,20,693,25
60,10,3/10/2021,10,20,693,27
60,10,12/28/2020,10,20,694,15
60,10,6/7/2021,10,20,694,25
60,10,3/8/2021,10,20,694,27
60,10,12/25/2020,10,20,695,15
60,10,6/11/2021,10,20,695,25
60,10,3/9/2021,10,20,695,27
60,10,4/17/2021,10,20,696,3
60,10,5/7/2021,10,20,696,13
60,10,10/21/2020,10,20,696,25
60,10,11/14/2020,10,20,696,28
60,10,4/16/2021,10,20,697,3
60,10,5/5/2021,10,20,697,13
60,10,10/21/2020,10,20,697,25
60,10,11/13/2020,10,20,697,28
60,10,4/15/2021,10,20,698,3
60,10,5/8/2021,10,20,698,13
60,10,10/21/2020,10,20,698,25
60,10,11/15/2020,10,20,698,28
60,10,4/16/2021,10,20,699,3
60,10,5/5/2021,10,20,699,13
60,10,10/20/2020,10,20,699,25
60,10,11/14/2020,10,20,699,28
60,10,4/15/2021,10,20,700,3
60,10,5/9/2021,10,20,700,13
60,10,10/22/2020,10,20,700,25
60,10,11/12/2020,10,20,700,28
60,10,4/15/2021,10,20,701,3
60,10,5/5/2021,10,20,701,13
60,10,10/20/2020,10,20,701,25
60,10,11/14/2020,10,20,701,28
60,10,4/18/2021,10,20,702,3
60,10,5/9/2021,10,20,702,13
60,10,10/23/2020,10,20,702,25
60,10,11/12/2020,10,20,702,28
60,10,4/18/2021,10,20,703,3
60,10,5/8/2021,10,20,703,13
60,10,10/19/2020,10,20,703,25
60,10,11/15/2020,10,20,703,28
60,10,4/15/2021,10,20,704,3
60,10,5/5/2021,10,20,704,13
60,10,10/19/2020,10,20,704,25
60,10,11/12/2020,10,20,704,28
60,10,4/14/2021,10,20,705,3
60,10,5/8/2021,10,20,705,13
60,10,10/22/2020,10,20,705,25
60,10,11/12/2020,10,20,705,28
60,10,4/15/2021,10,20,706,3
60,10,5/6/2021,10,20,706,13
60,10,10/21/2020,10,20,706,25
60,10,11/13/2020,10,20,706,28
60,10,4/17/2021,10,20,707,3
60,10,5/5/2021,10,20,707,13
60,10,10/20/2020,10,20,707,25
60,10,11/14/2020,10,20,707,28
60,10,4/17/2021,10,20,708,3
60,10,5/6/2021,10,20,708,13
60,10,10/22/2020,10,20,708,25
60,10,11/12/2020,10,20,708,28
60,10,4/14/2021,10,20,709,3
60,10,5/5/2021,10,20,709,13
60,10,10/22/2020,10,20,709,25
60,10,11/13/2020,10,20,709,28
60,10,4/14/2021,10,20,710,3
60,10,5/6/2021,10,20,710,13
60,10,10/20/2020,10,20,710,25
60,10,11/14/2020,10,20,710,28
60,10,4/18/2021,10,20,711,3
60,10,5/7/2021,10,20,711,13
60,10,10/23/2020,10,20,711,25
60,10,11/12/2020,10,20,711,28
60,10,4/16/2021,10,20,712,3
60,10,5/5/2021,10,20,712,13
60,10,10/23/2020,10,20,712,25
60,10,11/13/2020,10,20,712,28
60,10,4/16/2021,10,20,713,3
60,10,5/8/2021,10,20,713,13
60,10,10/21/2020,10,20,713,25
60,10,11/15/2020,10,20,713,28
60,10,4/16/2021,10,20,714,3
60,10,5/8/2021,10,20,714,13
60,10,10/21/2020,10,20,714,25
60,10,11/13/2020,10,20,714,28
60,10,4/18/2021,10,20,715,3
60,10,5/5/2021,10,20,715,13
60,10,10/21/2020,10,20,715,25
60,10,11/13/2020,10,20,715,28
60,10,4/17/2021,10,20,716,3
60,10,5/8/2021,10,20,716,13
60,10,10/21/2020,10,20,716,25
60,10,11/12/2020,10,20,716,28
60,10,4/15/2021,10,20,717,3
60,10,5/9/2021,10,20,717,13
60,10,10/23/2020,10,20,717,25
60,10,11/15/2020,10,20,717,28
60,10,4/17/2021,10,20,718,3
60,10,5/9/2021,10,20,718,13
60,10,10/21/2020,10,20,718,25
60,10,11/12/2020,10,20,718,28
60,10,4/14/2021,10,20,719,3
60,10,5/8/2021,10,20,719,13
60,10,10/19/2020,10,20,719,25
60,10,11/13/2020,10,20,719,28
60,10,4/18/2021,10,20,720,3
60,10,5/6/2021,10,20,720,13
60,10,10/21/2020,10,20,720,25
60,10,11/13/2020,10,20,720,28
60,10,1/3/2021,10,20,731,3
60,10,5/4/2021,10,20,731,6
60,10,10/13/2020,10,20,731,7
60,10,1/5/2021,10,20,731,8
60,10,3/16/2021,10,20,731,12
60,10,2/15/2021,10,20,731,17
60,10,6/8/2021,10,20,731,20
60,10,1/6/2021,10,20,732,3
60,10,5/3/2021,10,20,732,6
60,10,10/13/2020,10,20,732,7
60,10,1/6/2021,10,20,732,8
60,10,3/15/2021,10,20,732,12
60,10,2/18/2021,10,20,732,17
60,10,6/8/2021,10,20,732,20
60,10,1/6/2021,10,20,733,3
60,10,5/1/2021,10,20,733,6
60,10,10/14/2020,10,20,733,7
60,10,1/7/2021,10,20,733,8
60,10,3/18/2021,10,20,733,12
60,10,2/15/2021,10,20,733,17
60,10,6/7/2021,10,20,733,20
60,10,1/6/2021,10,20,734,3
60,10,5/1/2021,10,20,734,6
60,10,10/14/2020,10,20,734,7
60,10,1/6/2021,10,20,734,8
60,10,3/18/2021,10,20,734,12
60,10,2/15/2021,10,20,734,17
60,10,6/7/2021,10,20,734,20
60,10,1/6/2021,10,20,735,3
60,10,5/3/2021,10,20,735,6
60,10,10/12/2020,10,20,735,7
60,10,1/4/2021,10,20,735,8
60,10,3/14/2021,10,20,735,12
60,10,2/18/2021,10,20,735,17
60,10,6/8/2021,10,20,735,20
60,10,1/5/2021,10,20,736,3
60,10,5/2/2021,10,20,736,6
60,10,10/14/2020,10,20,736,7
60,10,1/6/2021,10,20,736,8
60,10,3/14/2021,10,20,736,12
60,10,2/15/2021,10,20,736,17
60,10,6/8/2021,10,20,736,20
60,10,1/6/2021,10,20,737,3
60,10,5/1/2021,10,20,737,6
60,10,10/11/2020,10,20,737,7
60,10,1/6/2021,10,20,737,8
60,10,3/17/2021,10,20,737,12
60,10,2/16/2021,10,20,737,17
60,10,6/11/2021,10,20,737,20
60,10,1/4/2021,10,20,738,3
60,10,5/2/2021,10,20,738,6
60,10,10/11/2020,10,20,738,7
60,10,1/7/2021,10,20,738,8
60,10,3/14/2021,10,20,738,12
60,10,2/15/2021,10,20,738,17
60,10,6/10/2021,10,20,738,20
60,10,1/5/2021,10,20,739,3
60,10,4/30/2021,10,20,739,6
60,10,10/11/2020,10,20,739,7
60,10,1/5/2021,10,20,739,8
60,10,3/14/2021,10,20,739,12
60,10,2/15/2021,10,20,739,17
60,10,6/9/2021,10,20,739,20
60,10,1/7/2021,10,20,740,3
60,10,5/3/2021,10,20,740,6
60,10,10/15/2020,10,20,740,7
60,10,1/7/2021,10,20,740,8
60,10,3/17/2021,10,20,740,12
60,10,2/17/2021,10,20,740,17
60,10,6/8/2021,10,20,740,20
60,10,11/18/2020,10,20,721,3
60,10,2/18/2021,10,20,721,6
60,10,11/5/2020,10,20,721,7
60,10,1/5/2021,10,20,721,8
60,10,7/3/2021,10,20,721,12
60,10,1/9/2021,10,20,721,17
60,10,6/23/2021,10,20,721,20
60,10,11/18/2020,10,20,722,3
60,10,2/20/2021,10,20,722,6
60,10,11/5/2020,10,20,722,7
60,10,1/2/2021,10,20,722,8
60,10,7/4/2021,10,20,722,12
60,10,1/11/2021,10,20,722,17
60,10,6/23/2021,10,20,722,20
60,10,11/21/2020,10,20,723,3
60,10,2/20/2021,10,20,723,6
60,10,11/2/2020,10,20,723,7
60,10,1/5/2021,10,20,723,8
60,10,7/3/2021,10,20,723,12
60,10,1/7/2021,10,20,723,17
60,10,6/26/2021,10,20,723,20
60,10,11/20/2020,10,20,724,3
60,10,2/21/2021,10,20,724,6
60,10,11/4/2020,10,20,724,7
60,10,1/6/2021,10,20,724,8
60,10,7/2/2021,10,20,724,12
60,10,1/8/2021,10,20,724,17
60,10,6/26/2021,10,20,724,20
60,10,11/20/2020,10,20,725,3
60,10,2/17/2021,10,20,725,6
60,10,11/5/2020,10,20,725,7
60,10,1/2/2021,10,20,725,8
60,10,7/2/2021,10,20,725,12
60,10,1/8/2021,10,20,725,17
60,10,6/26/2021,10,20,725,20
60,10,11/18/2020,10,20,726,3
60,10,2/18/2021,10,20,726,6
60,10,11/5/2020,10,20,726,7
60,10,1/4/2021,10,20,726,8
60,10,7/4/2021,10,20,726,12
60,10,1/10/2021,10,20,726,17
60,10,6/23/2021,10,20,726,20
60,10,11/19/2020,10,20,727,3
60,10,2/18/2021,10,20,727,6
60,10,11/5/2020,10,20,727,7
60,10,1/2/2021,10,20,727,8
60,10,7/3/2021,10,20,727,12
60,10,1/11/2021,10,20,727,17
60,10,6/22/2021,10,20,727,20
60,10,11/22/2020,10,20,728,3
60,10,2/18/2021,10,20,728,6
60,10,11/2/2020,10,20,728,7
60,10,1/4/2021,10,20,728,8
60,10,7/4/2021,10,20,728,12
60,10,1/11/2021,10,20,728,17
60,10,6/22/2021,10,20,728,20
60,10,11/18/2020,10,20,729,3
60,10,2/19/2021,10,20,729,6
60,10,11/5/2020,10,20,729,7
60,10,1/2/2021,10,20,729,8
60,10,7/1/2021,10,20,729,12
60,10,1/8/2021,10,20,729,17
60,10,6/24/2021,10,20,729,20
60,10,11/19/2020,10,20,730,3
60,10,2/21/2021,10,20,730,6
60,10,11/5/2020,10,20,730,7
60,10,1/4/2021,10,20,730,8
60,10,7/2/2021,10,20,730,12
60,10,1/8/2021,10,20,730,17
60,10,6/23/2021,10,20,730,20
